nameLast,nameFirst,playerID,lgID,Age,year,reliability,mIP,mW,mL,mSV,mH,mR,mER,bsrER,ERA,mHR,mSO,mBB,mIBB,mHBP,mWP,mBK
Nathan,Joe,nathajo01,AL,35,2009,0.61,66,3,2,27,54,22,20,22,2.86,5,64,20,3,2,2,0
Soria,Joakim,soriajo01,AL,25,2009,0.56,66,3,3,23,51,23,21,21,2.86,5,60,20,2,3,2,0
Papelbon,Jonathan,papeljo01,AL,29,2009,0.6,65,4,3,29,54,24,21,21,2.91,5,67,16,1,2,2,0
Harden,Rich,harderi01,NL,28,2009,0.67,134,8,4,0,102,47,43,46,2.99,12,146,56,3,3,3,0
Devine,Joey,devinjo01,AL,26,2009,0.38,49,4,2,1,41,19,16,17,3.03,3,43,19,2,1,2,0
Rivera,Mariano,riverma01,AL,40,2009,0.62,67,4,4,24,59,24,23,23,3.09,5,59,15,1,3,1,0
Saito,Takashi,saitota01,NL,39,2009,0.57,55,3,3,17,46,20,19,19,3.11,4,57,19,2,2,1,0
Peavy,Jake,peavyja01,NL,28,2009,0.81,169,11,9,0,143,62,59,62,3.22,15,169,57,4,5,4,0
Sabathia,C.C.,sabatcc01,NL,29,2009,0.84,211,14,9,0,194,81,72,79,3.22,18,199,50,2,7,3,1
Santana,Johan,santajo01,NL,30,2009,0.84,199,13,8,0,172,73,67,76,3.23,23,191,55,3,4,7,1
Chamberlain,Joba,chambjo03,AL,24,2009,0.57,85,4,3,0,75,32,29,32,3.23,6,88,31,2,2,3,1
Lincecum,Tim,linceti01,NL,25,2009,0.79,187,13,6,0,155,72,67,68,3.25,13,203,72,3,5,12,1
Marmol,Carlos,marmoca01,NL,27,2009,0.64,77,4,4,3,55,31,28,28,3.27,8,85,36,3,4,4,1
Ziegler,Brad,zieglbr01,AL,30,2009,0.4,55,3,2,6,51,20,18,22,3.27,4,35,20,2,2,1,0
Rodriguez,Francisco,rodrifr03,AL,27,2009,0.61,66,3,3,38,56,25,22,26,3.27,5,70,29,2,2,5,0
Capps,Matt,cappsma01,NL,26,2009,0.6,60,3,3,11,54,24,22,22,3.3,6,47,14,3,2,1,0
Broxton,Jonathan,broxtjo01,NL,25,2009,0.63,68,3,4,6,58,28,25,25,3.31,5,76,25,3,2,3,0
Duchscherer,Justin,duchsju01,AL,32,2009,0.66,113,8,7,2,99,45,41,42,3.31,10,80,33,3,5,2,0
Wade,Cory,wadeco01,NL,26,2009,0.45,61,3,2,0,52,25,22,23,3.32,6,46,18,2,3,2,0
Webb,Brandon,webbbr01,NL,30,2009,0.84,197,16,8,0,180,82,72,74,3.34,13,160,59,5,7,5,1
Arredondo,Jose,arredjo01,AL,25,2009,0.41,55,6,2,0,48,22,19,22,3.35,5,46,20,1,2,2,0
Downs,Scott,downssc01,AL,33,2009,0.6,67,3,3,2,60,25,23,27,3.36,5,53,26,4,3,3,0
Halladay,Roy,hallaro01,AL,32,2009,0.84,205,15,8,0,196,84,76,78,3.38,16,149,43,3,7,4,0
Springer,Russ,sprinru01,NL,41,2009,0.56,57,3,2,0,49,23,21,22,3.39,6,47,20,1,2,2,0
Moylan,Peter,moylape01,NL,31,2009,0.44,37,2,2,1,33,16,13,15,3.41,4,28,13,3,2,1,0
Jenks,Bobby,jenksbo01,AL,28,2009,0.59,62,3,3,26,55,25,24,23,3.41,4,49,20,3,2,3,0
Hamels,Cole,hamelco01,NL,26,2009,0.82,192,13,8,0,167,79,72,74,3.42,24,177,52,5,3,3,0
Okajima,Hideki,okajihi01,AL,34,2009,0.55,63,3,3,2,56,25,23,25,3.43,6,53,22,1,2,2,0
Romo,Sergio,romose01,NL,26,2009,0.28,42,3,2,0,35,20,17,15,3.43,4,35,14,1,2,1,0
Putz,J.J.,putzjj01,AL,32,2009,0.57,55,4,3,18,48,21,20,22,3.44,5,56,20,1,2,2,0
Wagner,Billy,wagnebi02,NL,38,2009,0.57,55,2,2,21,49,23,20,22,3.44,6,55,18,2,2,2,0
Shell,Steven,shellst01,NL,26,2009,0.36,50,3,2,1,44,21,19,20,3.51,5,40,19,1,2,2,0
Bell,Heath,bellhe01,NL,32,2009,0.63,73,4,4,0,65,30,29,28,3.51,6,67,26,3,2,2,0
Perez,Rafael,perezra01,AL,27,2009,0.58,69,3,3,1,61,29,27,27,3.52,7,66,22,2,2,3,0
Johnson,Jim,johnsji04,AL,26,2009,0.44,60,3,3,1,55,25,23,24,3.52,4,40,23,2,2,2,0
Balfour,Grant,balfogr01,AL,32,2009,0.46,57,4,3,2,48,25,23,22,3.55,5,58,25,1,1,2,0
Young,Chris,youngch03,NL,30,2009,0.76,128,8,6,0,103,55,52,49,3.55,13,117,54,3,4,4,2
Delcarmen,Manny,delcama01,AL,27,2009,0.58,67,2,2,1,58,29,27,26,3.56,6,58,24,1,3,1,0
Neshek,Pat,neshepa01,AL,29,2009,0.45,39,3,2,0,33,17,16,15,3.58,4,35,14,2,1,1,0
Soriano,Rafael,soriara01,NL,30,2009,0.48,39,2,2,3,33,17,15,16,3.58,5,36,14,2,1,1,0
Haren,Danny,harenda01,NL,29,2009,0.83,190,13,9,0,181,81,73,78,3.58,20,171,46,4,5,9,0
Sheets,Ben,sheetbe01,NL,31,2009,0.79,173,12,8,0,165,73,68,70,3.59,17,141,46,3,2,6,0
Gallardo,Yovani,gallayo01,NL,23,2009,0.52,79,5,3,0,73,34,31,32,3.59,7,70,28,2,2,2,0
Billingsley,Chad,billich01,NL,25,2009,0.79,165,13,8,0,152,67,62,70,3.6,14,158,69,5,5,7,0
Street,Huston,streehu01,AL,26,2009,0.59,65,5,4,16,57,29,27,25,3.6,6,61,21,3,2,2,0
Carlson,Jesse,carlsje01,AL,29,2009,0.4,55,4,3,1,49,23,21,23,3.6,6,45,20,3,2,2,0
Volstad,Chris,volstch01,NL,23,2009,0.49,100,7,5,0,92,42,39,41,3.6,7,72,39,4,5,2,0
Oswalt,Roy,oswalro01,NL,32,2009,0.83,185,13,8,0,184,77,71,78,3.62,17,143,49,4,7,2,1
Bedard,Erik,bedarer01,AL,30,2009,0.75,119,8,5,0,105,52,48,48,3.63,12,114,44,1,4,3,0
Fuentes,Brian,fuentbr01,NL,34,2009,0.59,62,3,4,19,54,27,25,25,3.63,6,62,24,2,3,2,0
Kuo,Hong-Chih,kuoho01,NL,28,2009,0.57,73,4,4,0,66,33,30,29,3.64,6,74,26,2,3,2,0
Lowe,Derek,lowede01,NL,36,2009,0.82,185,12,11,0,180,84,76,74,3.65,15,129,52,4,2,3,1
Adams,Mike,adamsmi03,NL,31,2009,0.43,58,3,3,0,52,24,23,24,3.65,7,53,20,2,1,1,0
Bruney,Brian,brunebr01,AL,27,2009,0.46,48,3,2,0,41,21,19,20,3.66,4,39,23,1,2,2,0
Qualls,Chad,quallch01,NL,31,2009,0.64,70,4,5,4,66,30,27,30,3.66,7,60,22,3,3,3,0
Hinckley,Mike,hinckmi01,NL,27,2009,0.13,32,2,2,0,30,14,13,13,3.66,3,25,11,1,1,1,0
Breslow,Craig,breslcr01,AL,29,2009,0.36,49,2,3,1,45,21,19,21,3.67,4,38,19,2,1,3,1
Kazmir,Scott,kazmisc01,AL,25,2009,0.79,157,11,8,0,138,66,61,67,3.67,18,168,65,2,5,6,0
Dempster,Ryan,dempsry01,NL,32,2009,0.76,146,9,8,12,132,65,59,60,3.67,12,126,58,3,5,4,0
Wainwright,Adam,wainwad01,NL,28,2009,0.77,135,9,6,0,131,58,53,57,3.67,11,99,43,3,5,4,0
Lidge,Brad,lidgebr01,NL,33,2009,0.61,66,3,3,23,58,29,26,28,3.68,6,74,30,3,3,4,0
Cain,Matt,cainma01,NL,25,2009,0.82,189,8,12,0,168,82,78,77,3.69,16,165,76,5,6,8,1
Bradford,Chad,bradfch01,AL,35,2009,0.58,61,4,4,1,64,27,23,27,3.69,4,33,18,3,3,1,0
Masterson,Justin,masteju01,AL,24,2009,0.5,78,5,4,0,68,33,32,32,3.69,8,61,31,2,5,2,0
Escobar,Kelvim,escobke01,AL,33,2009,0.69,80,6,4,0,77,36,33,33,3.71,6,62,27,1,2,3,0
Hudson,Tim,hudsoti01,NL,34,2009,0.8,153,10,8,0,149,67,63,63,3.71,12,98,47,6,4,4,1
Liriano,Francisco,liriafr01,AL,26,2009,0.57,92,7,4,0,85,42,37,39,3.72,9,83,34,1,2,4,0
Smoltz,John,smoltjo01,NL,42,2009,0.73,94,6,5,0,93,39,37,41,3.73,9,86,27,3,3,3,0
Wolfe,Brian,wolfebr01,AL,29,2009,0.37,41,2,2,0,38,18,17,17,3.73,4,27,13,1,1,1,0
Hoffman,Trevor,hoffmtr01,NL,42,2009,0.54,53,3,4,25,50,24,22,22,3.74,6,43,17,2,1,1,0
Lopez,Javier,lopezja02,AL,32,2009,0.51,59,3,2,0,56,26,23,26,3.74,5,40,25,1,3,2,0
Cruz,Juan,cruzju02,NL,31,2009,0.58,59,4,2,0,50,27,24,25,3.74,6,63,29,2,4,1,0
Jurrjens,Jair,jurrjja01,NL,23,2009,0.7,157,11,8,0,149,73,66,65,3.75,12,119,57,6,4,4,0
Carpenter,Chris,carpech01,NL,34,2009,0.51,66,4,3,0,64,29,27,28,3.75,6,51,20,1,3,1,0
Ryan,B.J.,ryanbj01,AL,34,2009,0.49,54,2,3,19,49,24,22,23,3.75,5,48,22,2,2,2,0
Romero,J.C.,romerjc01,NL,33,2009,0.56,60,3,3,1,52,25,24,26,3.75,5,48,33,4,3,2,0
Lester,Jon,lestejo01,AL,25,2009,0.76,171,12,5,0,164,72,69,74,3.76,15,129,61,2,7,4,1
Wood,Kerry,woodke02,NL,32,2009,0.5,61,4,4,15,56,28,26,25,3.76,5,60,22,3,4,2,0
Lackey,John,lackejo01,AL,31,2009,0.81,164,12,7,0,160,71,65,72,3.76,18,131,46,2,8,7,0
Cordero,Francisco,cordefr01,NL,34,2009,0.61,67,4,4,25,62,30,27,29,3.76,6,69,29,2,2,2,0
Volquez,Edinson,volqued01,NL,26,2009,0.72,161,12,7,0,146,74,65,70,3.77,14,155,71,4,9,7,1
League,Brandon,leagubr01,AL,26,2009,0.38,43,2,2,1,41,19,17,19,3.77,4,31,16,1,2,2,0
Motte,Jason,motteja01,NL,27,2009,0.11,31,2,2,1,29,15,13,13,3.77,3,26,11,1,1,1,0
Marte,Damaso,marteda01,AL,34,2009,0.56,62,4,3,2,56,29,27,25,3.77,5,57,25,2,2,1,0
Beimel,Joe,beimejo01,NL,32,2009,0.57,56,4,2,0,56,23,22,25,3.78,4,38,22,3,2,2,1
Zambrano,Carlos,zambrca01,NL,28,2009,0.82,176,13,8,0,155,80,75,73,3.78,17,141,76,3,7,4,0
Wang,Chien-Ming,wangch01,AL,29,2009,0.77,127,11,4,0,126,57,54,53,3.79,8,70,41,2,4,4,0
Reyes,Dennys,reyesde01,AL,32,2009,0.48,51,3,2,0,49,21,19,24,3.79,5,40,20,2,2,4,0
Matsuzaka,Daisuke,matsuda01,AL,29,2009,0.77,164,14,7,0,144,71,68,70,3.79,16,148,75,2,8,5,0
Ramirez,Ramon,ramirra02,AL,28,2009,0.54,63,4,3,0,58,29,27,26,3.79,5,54,25,3,1,3,0
Coke,Phil,cokeph01,AL,27,2009,0.14,32,2,2,0,30,15,14,13,3.8,3,25,11,1,1,1,0
Thornton,Matt,thornma01,AL,33,2009,0.58,64,4,4,1,59,29,27,27,3.8,6,59,24,3,2,3,0
Shields,Scot,shielsc01,AL,34,2009,0.62,64,4,4,2,59,30,26,28,3.8,6,57,26,2,2,3,0
Lee,Cliff,leecl02,AL,31,2009,0.8,180,14,7,0,183,81,74,78,3.8,17,130,45,2,6,5,0
Geary,Geoff,gearyge01,NL,33,2009,0.61,64,3,3,0,61,29,26,28,3.8,6,44,24,4,4,2,0
Greinke,Zack,greinza01,AL,26,2009,0.76,160,10,8,0,157,70,65,70,3.8,16,139,48,3,4,6,1
Shields,James,shielja02,AL,28,2009,0.82,189,11,8,0,183,87,80,80,3.81,22,149,42,1,9,7,0
Burton,Jared,burtoja01,NL,28,2009,0.5,59,4,2,0,54,26,24,26,3.81,6,51,25,3,2,2,1
Samardzija,Jeff,samarje01,NL,24,2009,0.24,39,2,2,1,37,19,16,17,3.81,3,32,16,2,1,2,0
Buchholz,Taylor,buchhta01,NL,28,2009,0.65,72,5,5,0,67,35,31,30,3.81,8,55,22,2,2,3,1
Tallet,Brian,tallebr01,AL,32,2009,0.57,60,2,3,0,56,26,25,26,3.82,5,47,25,3,3,1,0
Wheeler,Dan,wheelda01,AL,32,2009,0.61,66,3,5,8,59,32,29,27,3.82,8,56,23,3,2,1,0
Corpas,Manuel,corpama01,NL,27,2009,0.62,73,3,3,7,73,32,30,32,3.82,7,54,23,3,2,1,0
Morrow,Brandon,morrobr01,AL,25,2009,0.55,66,3,4,4,55,30,28,28,3.82,7,63,33,2,1,4,0
Lindstrom,Matt,lindsma01,NL,29,2009,0.53,60,3,3,2,60,27,24,27,3.82,4,49,24,3,2,3,0
Zumaya,Joel,zumayjo01,AL,25,2009,0.45,40,2,2,1,36,18,16,18,3.82,4,35,19,2,1,3,0
Valverde,Jose,valvejo01,NL,30,2009,0.6,67,4,4,31,61,30,28,29,3.83,8,70,25,3,2,2,1
Gregg,Kevin,greggke01,NL,31,2009,0.63,68,4,5,17,60,32,29,29,3.84,6,60,30,2,3,4,0
Smith,Joe,smithjo05,NL,25,2009,0.51,61,4,3,0,56,28,26,26,3.84,5,52,26,3,4,2,0
Litsch,Jesse,litscje01,AL,24,2009,0.74,158,11,9,0,156,73,65,70,3.84,18,95,43,3,7,4,0
Scherzer,Max,scherma01,NL,25,2009,0.39,68,2,4,0,63,32,28,30,3.84,7,65,25,2,4,2,0
Beckett,Josh,beckejo02,AL,29,2009,0.81,167,13,8,0,161,77,73,70,3.85,18,152,43,1,7,5,0
Otsuka,Akinori,otsukak01,AL,37,2009,0.32,28,2,2,4,28,13,12,12,3.86,2,21,10,1,1,1,0
Cordero,Chad,cordech01,NL,27,2009,0.47,35,2,2,10,33,15,14,16,3.86,4,30,13,2,1,1,0
Wells,Randy,wellsra01,NL,27,2009,0.06,28,1,1,0,26,13,12,12,3.86,3,21,11,1,1,1,0
Hernandez,Felix,hernafe02,AL,23,2009,0.81,179,11,9,0,176,80,74,80,3.87,17,159,61,4,6,7,1
Kinney,Josh,kinnejo01,NL,30,2009,0.15,29,1,1,0,27,14,13,12,3.88,3,23,10,1,1,1,0
Janssen,Casey,janssca01,AL,28,2009,0.47,36,2,2,1,36,17,15,16,3.88,3,23,11,1,2,2,0
Gonzalez,Mike,gonzami02,NL,31,2009,0.41,44,2,3,9,40,21,19,19,3.89,5,41,19,2,1,1,0
Nolasco,Ricky,nolasri01,NL,27,2009,0.75,163,11,8,0,156,77,70,71,3.89,21,136,43,5,6,3,2
Nelson,Joe,nelsojo01,NL,35,2009,0.44,52,3,2,2,48,23,21,24,3.89,6,47,22,3,2,2,0
Ramirez,Ramon,ramirra03,NL,27,2009,0.23,67,3,3,0,61,31,29,29,3.9,7,52,26,2,2,2,1
Oliver,Darren,oliveda02,AL,39,2009,0.61,67,4,2,0,66,30,28,30,3.9,7,47,21,2,3,2,0
Betancourt,Rafael,betanra01,AL,34,2009,0.62,68,4,3,3,65,31,30,29,3.9,8,58,20,3,1,2,0
Meredith,Cla,meredcl01,NL,26,2009,0.61,68,3,4,0,70,31,28,31,3.9,6,52,21,3,2,2,1
Mijares,Jose,mijarjo01,AL,25,2009,0.1,30,2,2,0,28,14,13,13,3.9,3,22,10,1,1,1,0
Perez,Chris,perezch01,NL,24,2009,0.32,46,3,3,4,42,22,20,20,3.91,5,40,19,1,1,2,0
Guthrie,Jeremy,guthrje01,AL,30,2009,0.78,169,8,8,0,161,77,72,75,3.91,21,114,53,2,6,5,0
Accardo,Jeremy,accarje01,AL,28,2009,0.47,38,2,3,8,37,18,17,16,3.91,3,29,13,2,1,1,0
Marcum,Shaun,marcush01,AL,28,2009,0.76,145,9,7,0,133,66,62,64,3.91,20,114,50,2,6,3,0
Hampson,Justin,hampsju01,NL,29,2009,0.44,46,2,2,0,46,21,19,21,3.91,4,33,16,2,2,1,0
Price,David,priceda01,AL,24,2009,0.14,39,2,2,0,37,19,17,17,3.92,4,30,14,1,2,1,0
Saunders,Joe,saundjo01,AL,28,2009,0.77,170,13,7,0,170,79,72,76,3.92,18,104,52,2,5,4,0
Pena,Tony,penato03,NL,27,2009,0.61,70,4,3,2,67,34,31,30,3.92,7,53,23,3,3,3,0
Rauch,Jon,rauchjo01,NL,31,2009,0.64,70,4,5,7,66,33,31,30,3.92,8,60,22,3,1,2,0
Johnson,Josh,johnsjo09,NL,25,2009,0.63,102,7,4,0,101,47,43,46,3.93,9,89,39,3,2,4,0
Brown,Andrew,brownan01,AL,28,2009,0.43,47,2,2,0,42,22,21,20,3.93,4,38,20,2,2,2,0
Shouse,Brian,shousbr01,NL,41,2009,0.52,55,3,2,1,56,26,23,25,3.93,5,38,20,4,2,1,0
Rowland-Smith,Ryan,rowlary01,AL,26,2009,0.62,95,4,3,1,92,43,40,43,3.93,10,71,36,1,3,2,1
Kuroda,Hiroki,kurodhi01,NL,34,2009,0.67,152,8,9,0,153,74,67,66,3.94,13,102,43,6,6,5,0
Garza,Matt,garzama01,AL,26,2009,0.74,160,10,9,0,156,77,69,71,3.94,16,118,55,3,6,4,1
Nunez,Leo,nunezle01,AL,26,2009,0.48,56,3,3,0,55,26,24,25,3.94,6,40,18,1,3,2,0
Albaladejo,Jonathan,albaljo01,AL,27,2009,0.21,33,2,2,0,32,16,15,14,3.95,3,26,12,1,1,1,0
Galarraga,Armando,galarar01,AL,27,2009,0.67,147,10,6,0,132,71,64,65,3.95,21,106,52,2,5,5,0
Weaver,Jered,weaveje02,AL,27,2009,0.79,164,11,8,0,161,77,72,72,3.95,18,133,50,3,5,4,0
Feliciano,Pedro,felicpe01,NL,33,2009,0.57,58,3,3,1,56,26,24,27,3.96,6,50,25,4,3,2,0
Detwiler,Ross,detwiro01,NL,23,2009,0.01,25,1,1,0,24,12,11,11,3.96,3,20,9,1,1,1,0
Maine,John,mainejo01,NL,28,2009,0.77,149,10,8,0,132,72,66,65,3.96,18,132,63,3,4,6,0
Jimenez,Ubaldo,jimenub01,NL,25,2009,0.74,167,10,9,0,151,83,74,73,3.96,13,144,78,5,8,10,0
Danks,John,danksjo01,AL,24,2009,0.76,171,10,10,0,167,80,75,76,3.97,19,139,56,3,4,6,0
Burnett,A.J.,burneaj01,AL,32,2009,0.81,187,13,9,0,174,91,83,82,3.97,19,181,71,3,9,8,1
Corcoran,Roy,corcoro01,AL,29,2009,0.46,61,4,3,2,60,30,27,27,3.98,4,40,26,2,2,2,0
Rhodes,Arthur,rhodear01,NL,40,2009,0.36,43,3,2,1,42,20,19,19,3.98,3,38,19,3,1,2,0
Lewis,Jensen,lewisje01,AL,25,2009,0.49,61,2,3,6,60,28,26,28,3.98,6,50,23,2,3,1,0
Meche,Gil,mechegi01,AL,31,2009,0.82,187,11,10,0,184,90,83,83,3.99,19,149,65,2,3,4,0
Hill,Rich,hillri01,NL,29,2009,0.67,89,5,4,0,79,42,40,39,3.99,11,79,36,2,4,2,0
Howell,J.P.,howeljp01,AL,26,2009,0.61,79,4,4,1,74,39,35,35,3.99,8,72,31,1,4,4,0
Gardner,Lee,gardnle01,NL,34,2009,0.39,36,2,2,0,38,17,15,17,4,3,26,13,1,1,1,0
Lewis,Scott,lewissc02,AL,26,2009,0.21,72,6,3,0,69,35,31,33,4,9,52,24,1,2,3,0
Aceves,Alfredo,aceveal01,AL,27,2009,0.25,63,3,3,0,61,29,27,29,4,7,44,23,1,2,2,0
Acosta,Manny,acostma01,NL,28,2009,0.44,54,3,4,1,50,25,23,25,4,6,40,24,3,1,3,0
Francisco,Frank,francfr01,AL,30,2009,0.54,63,3,4,2,58,30,28,28,4,6,59,27,2,2,5,0
Cameron,Kevin,camerke01,NL,30,2009,0.35,36,2,1,0,35,18,15,17,4,3,28,17,2,1,1,0
Rosa,Carlos,rosaca01,AL,25,2009,0.04,27,2,1,0,26,13,12,12,4,3,20,9,1,1,1,0
German,Franklyn,germafr01,AL,29,2009,0.22,36,2,2,0,35,17,16,16,4,3,26,16,1,1,1,0
Santana,Ervin,santaer01,AL,26,2009,0.81,184,12,9,0,175,90,84,80,4.01,21,162,54,3,8,6,1
Wuertz,Michael,wuertmi01,NL,31,2009,0.54,55,2,2,0,53,26,23,26,4.01,6,47,24,3,1,2,0
Mahay,Ron,mahayro01,AL,38,2009,0.59,64,4,2,0,62,29,27,30,4.01,6,49,29,1,2,2,0
Baker,Scott,bakersc02,AL,28,2009,0.77,160,10,7,0,163,74,71,72,4.02,19,124,41,3,4,4,0
McDonald,James,mcdonja03,NL,25,2009,0.06,28,1,1,0,27,13,12,13,4.02,3,21,10,1,1,1,0
Stetter,Mitch,stettmi01,NL,28,2009,0.24,38,3,2,0,34,18,17,17,4.03,4,33,18,1,3,2,0
Seay,Bobby,seaybo01,AL,31,2009,0.51,58,3,2,0,57,27,26,26,4.03,5,48,23,4,2,2,0
Bennett,Jeff,benneje01,NL,29,2009,0.54,77,4,5,2,73,37,34,35,4.03,7,58,33,4,4,3,0
Johnson,Tyler,johnsty01,NL,28,2009,0.3,29,1,2,0,27,15,13,13,4.03,3,22,12,1,1,1,0
Villanueva,Carlos,villaca01,NL,26,2009,0.69,96,5,5,1,91,45,42,44,4.03,13,82,34,2,3,3,0
Stockman,Phil,stockph01,NL,29,2009,0.09,29,1,1,0,27,14,13,13,4.03,3,23,12,1,1,1,0
Ray,Chris,raych01,AL,27,2009,0.36,29,2,2,7,27,14,13,13,4.03,3,24,11,1,1,1,0
Littleton,Wes,littlwe01,AL,27,2009,0.41,39,2,2,1,37,19,18,17,4.04,4,26,14,1,2,1,0
Grabow,John,grabojo02,NL,31,2009,0.6,68,4,3,2,64,31,29,32,4.04,8,56,29,2,2,3,1
Grilli,Jason,grillja01,NL,33,2009,0.63,70,3,3,0,68,34,31,32,4.05,5,57,31,4,3,4,0
Verlander,Justin,verlaju01,AL,26,2009,0.82,181,13,10,0,169,90,83,80,4.05,17,149,68,5,12,8,2
Hawkins,LaTroy,hawkila01,NL,37,2009,0.57,62,3,3,0,61,30,28,28,4.06,6,43,22,3,1,2,0
Lannan,John,lannajo01,NL,25,2009,0.7,154,8,11,0,146,75,68,71,4.06,18,104,60,2,6,5,1
Smith,Greg,smithgr02,AL,26,2009,0.68,155,7,11,0,142,76,72,68,4.06,17,100,65,4,4,5,1
Lilly,Ted,lillyte01,NL,33,2009,0.82,183,13,9,0,170,87,83,82,4.06,26,159,62,3,5,5,2
Lyon,Brandon,lyonbr01,NL,30,2009,0.6,62,4,4,10,65,30,27,29,4.06,6,44,20,2,1,2,0
Percival,Troy,percitr01,AL,40,2009,0.45,52,3,2,12,45,26,24,23,4.07,7,40,22,1,1,2,0
McClellan,Kyle,mccleky01,NL,25,2009,0.46,63,3,4,1,63,31,28,29,4.07,6,50,22,2,3,3,0
Geer,Josh,geerjo01,NL,26,2009,0.23,73,4,4,0,74,34,31,35,4.07,8,55,27,3,2,2,0
Slowey,Kevin,sloweke01,AL,25,2009,0.7,146,10,8,0,148,71,66,66,4.07,21,112,31,2,4,3,0
Madson,Ryan,madsory01,NL,29,2009,0.65,74,4,3,1,75,34,32,35,4.07,7,58,26,3,3,3,1
Wellemeyer,Todd,welleto01,NL,31,2009,0.75,149,8,7,0,141,73,66,69,4.08,18,108,59,3,6,6,1
McGowan,Dustin,mcgowdu01,AL,27,2009,0.72,129,8,8,0,123,66,61,56,4.08,11,103,47,2,4,7,0
Kensing,Logan,kensilo01,NL,27,2009,0.46,54,3,2,0,50,26,24,25,4.08,6,49,25,3,3,3,0
Rivera,Saul,riversa01,NL,32,2009,0.65,76,4,5,1,77,37,34,35,4.09,5,57,33,3,2,3,0
Blevins,Jerry,blevije01,AL,26,2009,0.31,44,2,3,0,43,22,20,20,4.09,4,36,16,1,2,1,0
Miller,Justin,milleju01,NL,32,2009,0.5,55,4,2,0,53,28,25,25,4.09,5,50,22,3,2,2,1
Carrasco,D.J.,carradj01,AL,32,2009,0.3,44,2,2,0,42,22,21,19,4.09,4,33,16,1,3,1,0
Linebrink,Scott,linebsc01,AL,33,2009,0.57,55,3,3,1,54,27,24,26,4.09,8,42,18,1,1,3,0
Sherrill,George,sherrge01,AL,32,2009,0.52,56,3,3,13,51,27,26,25,4.1,6,53,26,3,2,2,0
Pelfrey,Mike,pelfrmi01,NL,25,2009,0.74,167,10,10,0,171,79,75,77,4.1,12,106,61,2,11,4,0
Cook,Aaron,cookaa01,NL,30,2009,0.82,182,11,9,0,198,90,82,84,4.1,14,90,50,5,5,4,0
Benoit,Joaquin,benoijo01,AL,32,2009,0.59,56,3,3,2,51,28,26,25,4.1,6,50,26,2,2,2,0
Brocail,Doug,brocado01,NL,42,2009,0.59,67,5,4,1,65,33,30,31,4.1,8,50,24,3,2,2,0
Buehrle,Mark,buehrma01,AL,30,2009,0.83,189,11,10,0,203,92,83,89,4.1,21,117,49,4,5,3,0
Hinshaw,Alex,hinshal01,NL,27,2009,0.31,45,2,2,0,41,21,20,21,4.1,5,41,22,2,2,3,0
Crain,Jesse,crainje01,AL,28,2009,0.53,58,4,4,0,58,29,26,27,4.11,6,44,20,2,2,2,0
Ohman,Will,ohmanwi01,NL,32,2009,0.54,58,3,3,1,56,29,27,26,4.11,5,51,24,3,2,2,0
Valdez,Merkin,valdeme01,NL,28,2009,0.15,35,2,2,0,34,17,15,17,4.11,4,28,14,2,2,2,0
Affeldt,Jeremy,affelje01,NL,30,2009,0.63,71,3,3,0,68,36,32,33,4.12,7,59,30,3,3,4,0
Wilson,Brian,wilsobr01,NL,27,2009,0.5,59,3,3,20,56,29,27,27,4.12,6,53,24,3,2,2,0
Durbin,Chad,durbich01,NL,32,2009,0.66,86,5,5,1,85,41,38,41,4.13,10,58,34,5,4,3,0
Miner,Zach,minerza01,AL,27,2009,0.68,98,6,5,0,98,49,45,45,4.13,9,62,37,3,3,3,0
Carmona,Fausto,carmofa01,AL,26,2009,0.76,135,10,7,0,132,67,62,62,4.13,11,86,54,2,8,6,1
Garcia,Jose,garcijo01,NL,24,2009,0.04,25,1,1,0,24,13,12,11,4.14,3,20,9,1,1,1,0
Perez,Beltran,perezbe01,NL,28,2009,0.07,38,2,2,0,37,19,18,17,4.14,4,29,15,1,1,1,0
Bray,Bill,braybi01,NL,26,2009,0.45,50,3,3,1,51,24,22,24,4.14,5,46,20,3,1,2,0
Patton,Troy,pattotr01,NL,24,2009,0.09,50,3,3,0,48,25,23,23,4.14,6,39,18,2,2,1,0
Mock,Garrett,mockga01,NL,26,2009,0.32,50,2,3,0,48,25,23,23,4.14,5,45,21,2,1,2,1
Bowden,Michael,bowdemi01,AL,23,2009,0.05,63,4,3,0,63,31,29,29,4.14,6,47,22,1,2,2,0
Kershaw,Clayton,kershcl01,NL,21,2009,0.55,112,6,5,0,108,53,51,52,4.14,12,101,47,3,2,6,0
Cassidy,Scott,cassisc01,NL,34,2009,0.14,25,2,2,0,25,13,11,12,4.14,3,21,10,1,1,1,0
Giese,Dan,gieseda01,AL,32,2009,0.36,52,2,3,0,51,27,24,24,4.15,6,37,18,1,2,2,0
Hull,Eric,huller01,NL,30,2009,0.05,26,1,1,0,25,13,12,12,4.15,3,20,10,1,1,1,0
Delgado,Jesus,delgaje01,NL,25,2009,0.02,26,1,1,0,25,13,12,12,4.15,3,20,10,1,1,1,0
Vermilyea,Jamie,vermija01,AL,27,2009,0.04,26,1,1,0,26,13,12,12,4.15,3,19,9,1,1,1,0
Weathers,Dave,weathda01,NL,40,2009,0.62,67,3,5,9,68,31,29,33,4.16,7,46,28,4,3,1,0
Westbrook,Jake,westbja01,AL,32,2009,0.7,93,5,5,0,97,46,42,44,4.16,9,57,30,2,3,3,0
Owens,Henry,owenshe01,NL,30,2009,0.16,27,2,1,1,27,13,12,13,4.17,3,21,11,1,1,1,0
Tsao,Chin-hui,tsaoch01,NL,28,2009,0.16,27,1,1,0,26,14,13,12,4.17,3,21,10,1,1,1,0
Clemens,Roger,clemero02,AL,47,2009,0.54,69,4,4,0,70,34,31,33,4.17,7,49,24,1,3,3,0
Sanchez,Duaner,sanchdu01,NL,30,2009,0.46,54,4,2,0,52,26,25,25,4.17,6,42,21,3,2,2,0
Mussina,Mike,mussimi01,AL,41,2009,0.81,175,14,9,0,194,87,79,83,4.17,17,124,40,3,6,3,0
Frasor,Jason,frasoja01,AL,32,2009,0.53,54,2,3,1,50,28,26,24,4.17,5,46,25,2,2,3,0
Parnell,Bobby,parnebo01,NL,25,2009,0.05,27,1,1,0,26,14,13,12,4.17,3,21,10,1,1,1,0
Flores,Ron,florero01,AL,30,2009,0.2,27,1,2,0,27,13,12,13,4.17,3,20,11,1,1,1,0
Veras,Jose,verasjo01,AL,29,2009,0.43,55,4,3,1,52,26,25,26,4.17,6,47,24,3,2,3,0
Cate,Troy,catetr01,NL,29,2009,0.11,27,1,1,0,27,14,12,13,4.17,3,21,11,1,1,1,0
Campillo,Jorge,campijo01,NL,31,2009,0.65,126,6,6,0,129,64,59,58,4.18,15,89,38,3,2,3,0
Houlton,D.J.,houltdj01,NL,30,2009,0.17,28,1,2,0,28,14,13,13,4.18,3,21,10,1,1,1,0
Castro,Fabio,castrfa01,NL,24,2009,0.17,28,1,1,0,26,14,13,13,4.18,3,23,12,1,1,1,0
Fultz,Aaron,fultzaa01,AL,36,2009,0.35,29,2,2,0,30,14,13,14,4.19,3,22,12,1,1,1,0
Gaudin,Chad,gaudich01,NL,26,2009,0.73,101,7,6,0,98,51,46,48,4.19,11,81,43,4,3,3,1
Guerrier,Matt,guerrma02,AL,31,2009,0.64,72,4,5,1,72,34,32,35,4.19,9,53,27,3,2,3,0
Vazquez,Javier,vazquja01,AL,33,2009,0.83,186,11,11,0,184,95,90,83,4.19,22,170,54,2,7,4,0
Rodriguez,Wandy,rodriwa01,NL,30,2009,0.77,146,8,9,0,146,77,68,68,4.19,16,127,53,4,5,3,1
Franklin,Ryan,frankry01,NL,36,2009,0.64,72,4,5,6,75,33,31,36,4.19,9,48,25,3,3,2,0
Heilman,Aaron,heilmaa01,NL,31,2009,0.65,72,4,6,1,68,37,33,34,4.19,8,62,30,4,5,2,0
Troncoso,Ramon,troncra01,NL,26,2009,0.3,44,2,2,0,43,22,21,20,4.19,4,38,16,1,2,2,0
McLemore,Mark,mclemma02,NL,29,2009,0.21,29,2,1,0,29,15,13,14,4.19,3,24,12,1,1,1,0
Miller,Jim,milleji02,AL,27,2009,0.08,29,2,2,1,29,15,13,14,4.19,3,22,11,1,1,1,0
Wickman,Bob,wickmbo01,NL,40,2009,0.37,30,1,2,7,31,15,13,15,4.2,3,23,12,1,1,1,0
Slaten,Doug,slatedo01,NL,29,2009,0.4,45,2,3,0,46,23,20,22,4.2,5,33,18,1,2,1,0
Maholm,Paul,maholpa01,NL,27,2009,0.81,181,9,10,0,186,90,84,85,4.2,19,125,60,3,7,3,1
Jimenez,Cesar,jimence01,AL,25,2009,0.29,45,2,2,0,44,22,21,21,4.2,5,34,16,1,2,2,0
Blanton,Joe,blantjo01,NL,29,2009,0.82,182,10,10,0,191,93,87,83,4.2,17,115,54,4,4,3,0
Morales,Franklin,moralfr01,NL,23,2009,0.37,77,4,4,0,74,39,37,35,4.21,7,54,32,3,3,2,2
Schmidt,Jason,schmija01,NL,36,2009,0.5,63,3,4,0,62,32,29,30,4.21,7,51,26,2,2,3,0
Pinto,Renyel,pintore01,NL,27,2009,0.56,63,3,4,0,55,31,29,30,4.21,8,56,32,2,3,4,0
Sampson,Chris,sampsch01,NL,31,2009,0.7,107,6,5,0,111,54,51,49,4.21,12,61,29,4,4,2,0
Narveson,Chris,narvech01,NL,28,2009,0.03,32,2,2,0,32,16,15,15,4.22,4,26,12,1,1,1,0
Schroder,Chris,schroch01,NL,31,2009,0.33,32,1,2,0,31,16,15,15,4.22,4,27,13,1,1,1,0
Perez,Oliver,perezol01,NL,28,2009,0.8,175,10,9,0,158,92,81,83,4.22,22,162,86,3,8,7,1
Dillard,Tim,dillati01,NL,26,2009,0.14,32,2,2,0,32,18,15,15,4.22,4,23,12,2,1,1,0
Harang,Aaron,haranaa01,NL,31,2009,0.82,175,9,10,0,178,86,81,83,4.22,25,154,48,4,4,5,0
Dolsi,Freddy,dolsifr01,AL,26,2009,0.35,49,2,3,1,49,24,22,24,4.22,5,34,21,3,2,3,0
Loux,Shane,louxsh01,AL,30,2009,0.15,33,2,2,0,34,17,15,16,4.23,3,22,11,1,2,1,0
Sanchez,Romulo,sanchro01,NL,25,2009,0.22,33,2,1,0,32,17,16,15,4.23,3,24,13,1,1,2,0
Colome,Jesus,colomje01,NL,32,2009,0.56,67,3,3,0,64,34,31,32,4.23,7,50,31,3,3,4,0
Paronto,Chad,paronch01,NL,34,2009,0.39,34,2,2,0,36,17,15,17,4.24,3,23,13,2,1,1,0
Speier,Ryan,speiery01,NL,30,2009,0.41,52,3,2,0,53,26,24,25,4.24,5,38,20,2,3,2,0
DiFelice,Mark,difelma01,NL,33,2009,0.18,35,2,2,0,35,17,16,17,4.24,5,28,12,1,1,1,0
Penny,Brad,pennybr01,NL,31,2009,0.77,127,9,7,0,132,63,60,60,4.25,11,87,48,2,4,3,0
Isringhausen,Jason,isrinja01,NL,37,2009,0.54,53,3,4,15,50,27,25,25,4.25,6,43,25,2,3,2,0
Maddux,Greg,maddugr01,NL,43,2009,0.82,177,9,11,0,194,93,85,82,4.25,18,98,36,5,5,3,1
Hernandez,Orlando,hernaor01,NL,44,2009,0.63,72,4,4,0,66,36,34,34,4.25,10,61,31,2,3,1,0
Riske,David,riskeda01,NL,33,2009,0.54,53,2,3,2,53,25,24,26,4.25,7,39,23,2,1,1,0
Hansack,Devern,hansade01,AL,31,2009,0.15,36,2,2,0,36,19,17,17,4.25,4,26,13,1,1,1,0
Wright,Wesley,wrighwe01,NL,24,2009,0.39,53,3,3,1,48,28,26,24,4.25,6,47,24,2,3,2,0
Garcia,Jaime,garcija02,NL,23,2009,0.15,37,2,2,0,35,19,18,17,4.26,5,28,14,1,1,2,0
Britton,Chris,brittch01,AL,27,2009,0.36,38,1,2,0,38,19,18,18,4.26,4,26,14,1,1,1,0
Laffey,Aaron,laffeaa01,AL,24,2009,0.59,112,7,7,0,115,58,52,54,4.26,11,67,36,2,8,5,1
Mateo,Juan,mateoju02,NL,27,2009,0.15,57,3,3,0,57,30,27,27,4.26,6,45,23,2,2,2,0
Asencio,Miguel,asencmi01,NL,29,2009,0.03,37,2,2,0,37,19,18,17,4.26,4,29,14,1,1,1,0
Schilling,Curt,schilcu01,AL,43,2009,0.65,75,4,4,0,82,36,34,37,4.26,10,55,18,1,2,1,0
Lowry,Noah,lowryno01,NL,29,2009,0.64,76,5,4,0,75,38,35,37,4.26,8,49,35,2,3,2,0
Lohse,Kyle,lohseky01,NL,31,2009,0.81,176,10,9,0,187,89,83,84,4.27,18,117,53,4,6,4,0
Arias,Alberto,ariasal02,NL,26,2009,0.23,40,2,2,0,40,20,19,19,4.28,4,30,16,1,2,1,0
Nunez,Vladimir,nunezvl01,NL,34,2009,0.27,41,2,2,0,42,21,19,20,4.28,3,31,18,3,2,2,0
Happ,J.A.,happja01,NL,27,2009,0.28,60,3,3,0,59,30,28,29,4.28,7,49,24,2,2,2,0
Reineke,Chad,reinech01,NL,27,2009,0.17,60,4,3,0,58,31,29,28,4.28,6,47,26,2,2,2,0
O'Malley,Ryan,omallry01,NL,29,2009,0.05,60,3,3,0,60,30,28,29,4.28,7,45,23,2,2,2,0
Marshall,Sean,marshse01,NL,27,2009,0.66,85,5,6,0,84,43,40,41,4.29,11,65,32,3,3,3,0
Myers,Brett,myersbr01,NL,29,2009,0.77,147,8,9,6,146,75,70,70,4.29,20,133,52,4,4,3,0
Bush,David,bushda01,NL,30,2009,0.81,169,9,9,0,167,89,83,78,4.29,23,118,45,3,9,3,1
Sarfate,Dennis,sarfade01,AL,28,2009,0.5,68,4,3,0,61,37,33,32,4.3,7,64,37,2,4,4,0
Bale,John,balejo01,AL,35,2009,0.38,46,2,3,0,49,23,22,22,4.3,4,34,16,1,1,2,0
Chulk,Vinnie,chulkvi01,NL,31,2009,0.48,46,2,3,0,46,24,22,22,4.3,5,34,16,2,2,2,0
Madrigal,Warner,madriwa01,AL,25,2009,0.29,44,2,2,1,44,24,21,21,4.3,5,32,16,1,1,2,0
Torres,Salomon,torresa01,NL,37,2009,0.62,70,4,5,14,72,36,32,35,4.31,7,51,28,3,4,2,0
O'Day,Darren,odayda01,AL,27,2009,0.33,47,2,2,0,49,25,23,22,4.31,4,34,16,3,3,2,0
Garcia,Anderson,garcian01,NL,28,2009,0,25,1,1,0,25,13,12,12,4.32,3,19,9,1,1,1,0
Alvarez,Abe,alvarab01,AL,27,2009,0.01,25,1,1,0,25,13,12,12,4.32,3,19,9,1,1,1,0
Rodney,Fernando,rodnefe01,AL,32,2009,0.52,50,2,4,6,47,26,24,24,4.32,5,46,24,2,3,3,0
Mabeus,Chris,mabeuch01,NL,30,2009,0.01,25,1,1,0,25,13,12,12,4.32,3,19,10,1,1,1,0
Astacio,Ezequiel,astacez01,NL,30,2009,0.02,25,2,1,0,25,13,12,12,4.32,3,20,10,1,1,1,0
Sweeney,Brian,sweenbr01,NL,35,2009,0.17,25,1,1,0,25,13,12,12,4.32,3,18,9,1,1,1,0
Rakers,Aaron,rakeraa01,NL,32,2009,0.01,25,1,1,0,25,13,12,12,4.32,3,19,10,1,1,1,0
Lara,Juan,laraju01,AL,28,2009,0.03,25,1,1,0,25,13,12,12,4.32,3,19,9,1,1,1,0
Romero,Davis,romerda01,AL,26,2009,0.06,25,1,1,0,25,13,12,12,4.32,3,19,9,1,1,1,0
Fruto,Emiliano,frutoem01,AL,25,2009,0.12,25,1,1,0,25,13,12,12,4.32,3,20,10,1,1,1,0
Rodriguez,Eddy,rodried03,AL,28,2009,0.05,25,1,1,0,25,14,12,12,4.32,3,19,10,1,1,1,0
Campbell,Brett,campbbr02,NL,28,2009,0.02,25,1,1,0,25,13,12,12,4.32,3,20,10,1,1,1,0
Rleal,Sendy,rlealse01,AL,29,2009,0.15,25,1,1,0,25,13,12,12,4.32,3,17,10,1,1,1,0
Yan,Esteban,yanes01,NL,34,2009,0.12,25,1,1,0,25,14,12,12,4.32,3,19,10,1,1,1,0
Daigle,Casey,daiglca01,NL,28,2009,0.04,25,1,1,0,25,13,12,12,4.32,3,19,10,1,1,1,0
Schultz,Mike,schulmi02,NL,30,2009,0.01,25,1,1,0,25,13,12,12,4.32,3,19,10,1,1,1,0
Demaria,Chris,demarch01,NL,29,2009,0.05,25,1,1,0,25,13,12,12,4.32,3,19,10,1,1,1,0
Barzilla,Phil,barziph01,NL,30,2009,0,25,1,1,0,25,13,12,12,4.32,3,19,10,1,1,1,0
Hughes,Travis,hughetr01,NL,31,2009,0.04,25,1,1,0,25,13,12,12,4.32,3,19,10,1,1,1,0
Sharpless,Josh,sharpjo01,NL,28,2009,0.07,25,1,2,0,25,13,12,12,4.32,3,19,10,1,1,1,0
Chick,Travis,chicktr01,AL,25,2009,0.02,25,1,1,0,25,13,12,12,4.32,3,19,10,1,1,1,0
Petit,Yusmeiro,petityu01,NL,25,2009,0.54,75,4,5,0,71,39,37,35,4.32,12,58,24,2,2,2,1
Clarke,Darren,clarkda06,NL,28,2009,0.01,25,1,1,0,25,13,12,12,4.32,3,20,10,1,1,1,0
Tracey,Sean,tracese01,AL,29,2009,0.03,25,1,1,0,25,13,12,12,4.32,3,18,9,1,1,1,0
Carlyle,Buddy,carlybu01,NL,32,2009,0.6,75,4,3,0,74,39,37,35,4.32,9,60,28,5,2,3,0
Bisenius,Joseph,bisenjo01,NL,27,2009,0.01,25,1,1,0,25,13,12,12,4.32,3,20,10,1,1,1,0
Carpenter,Andrew,carpean01,NL,24,2009,0.01,25,1,1,0,25,13,12,12,4.32,3,20,10,1,1,1,0
Simpson,Allan,simpsal01,NL,32,2009,0.01,25,1,1,0,25,13,12,12,4.32,3,20,10,1,1,1,0
Martinez,Carlos,martica03,NL,27,2009,0.06,25,1,1,0,25,13,12,12,4.32,3,20,10,1,1,1,0
Smith,Matt,smithma04,NL,30,2009,0.1,25,1,1,0,24,13,12,12,4.32,3,20,12,1,1,1,0
Urdaneta,Lino,urdanli01,NL,30,2009,0.01,25,1,1,0,25,13,12,12,4.32,3,19,10,1,1,1,0
Novoa,Roberto,novoaro01,NL,30,2009,0.22,25,1,1,0,25,13,12,12,4.32,3,19,10,1,1,1,0
Miller,Trever,milletr02,AL,36,2009,0.51,51,2,2,1,51,26,25,24,4.32,5,44,21,2,3,1,0
Thomas,Justin,thomaju01,AL,25,2009,0.04,27,2,2,0,28,14,13,13,4.33,3,20,10,1,1,1,0
Adkins,Jon,adkinjo01,NL,32,2009,0.2,27,2,1,0,27,14,13,13,4.33,3,20,11,1,1,1,0
Swindle,R.J.,swindrj01,NL,26,2009,0.05,27,1,1,0,28,14,13,13,4.33,3,22,10,1,1,1,0
Meloan,Jonathan,meloajo01,AL,25,2009,0.07,27,1,1,0,26,14,13,13,4.33,3,21,11,1,1,1,0
Munoz,Arnie,munozar01,NL,27,2009,0.04,26,1,1,0,26,13,12,13,4.33,3,20,11,1,1,1,0
Hancock,Josh,hancojo01,NL,31,2009,0.28,26,1,1,0,26,13,12,13,4.33,3,20,10,1,1,1,0
Sanchez,Humberto,sanchhu01,AL,26,2009,0.02,26,1,1,0,26,13,12,13,4.33,3,19,10,1,1,1,0
Fox,Chad,foxch02,NL,39,2009,0.04,27,1,2,0,27,14,13,13,4.33,3,20,11,1,1,1,0
Roenicke,Josh,roenijo01,NL,27,2009,0.03,27,1,1,0,27,14,13,13,4.33,3,22,10,1,1,1,0
Walker,Tyler,walkety01,NL,33,2009,0.45,53,4,5,2,51,28,26,25,4.33,6,43,21,2,1,3,0
Rundles,Rich,rundlri01,AL,28,2009,0.05,27,1,1,0,28,14,13,13,4.33,3,21,10,1,1,1,0
Murphy,Bill,murphbi02,NL,28,2009,0.05,26,1,1,0,26,13,12,13,4.33,3,20,11,1,1,1,0
Patterson,Scott,pattesc01,NL,30,2009,0.05,27,1,1,0,27,14,13,13,4.33,3,22,12,1,1,1,0
Petrick,Billy,petribi01,NL,25,2009,0.07,26,1,1,0,25,14,13,12,4.33,3,20,10,1,1,1,0
Colon,Roman,colonro01,AL,30,2009,0.13,27,2,1,0,28,14,13,13,4.33,3,19,10,1,1,1,0
Huber,Jon,huberjo01,AL,28,2009,0.13,26,1,1,0,26,13,12,13,4.33,3,19,10,1,1,1,0
Pignatiello,Carmen,pignaca01,NL,27,2009,0.02,26,1,1,0,26,13,12,13,4.33,3,20,10,1,1,1,0
Johnson,Randy,johnsra05,NL,46,2009,0.77,158,9,9,0,162,85,76,76,4.33,21,140,47,5,7,3,1
Zagurski,Mike,zagurmi01,NL,26,2009,0.14,27,1,1,0,27,14,13,13,4.33,3,22,11,1,1,1,0
Phillips,Heath,phillhe01,AL,27,2009,0.05,26,2,1,0,26,13,12,13,4.33,3,19,10,1,1,1,0
Salmon,Brad,salmobr01,NL,29,2009,0.15,27,1,1,0,27,14,13,13,4.33,3,22,11,1,1,1,0
Villarreal,Oscar,villaos01,NL,28,2009,0.57,52,3,2,0,52,27,24,26,4.33,7,37,20,2,2,2,0
Gordon,Brian,gordobr01,AL,31,2009,0.04,27,1,1,0,28,14,13,13,4.33,3,19,10,1,1,1,0
Ramirez,Erasmo,ramirer01,NL,33,2009,0.05,26,1,1,0,26,13,12,13,4.33,3,19,10,1,1,1,0
McBeth,Marcus,mcbetma01,NL,29,2009,0.13,27,2,2,0,28,14,13,13,4.33,3,21,10,1,1,1,0
Hernandez,Yoel,hernayo01,NL,29,2009,0.1,27,1,1,0,28,14,13,13,4.33,3,21,9,1,1,1,0
Garcia,Harvey,garciha01,NL,25,2009,0.08,26,1,2,0,26,13,12,13,4.33,3,22,10,1,1,1,0
Atchison,Scott,atchisc01,NL,33,2009,0.19,28,1,1,0,29,14,13,14,4.34,3,22,11,1,1,1,0
Capellan,Jose,capeljo01,NL,28,2009,0.33,29,1,2,0,28,15,14,14,4.34,4,23,11,1,1,1,0
Elbert,Scott,elbersc01,NL,24,2009,0.06,28,1,2,0,28,15,14,13,4.34,3,23,11,1,1,1,0
Ramirez,Edwar,ramired01,AL,28,2009,0.44,55,4,2,1,52,29,27,26,4.34,7,52,23,2,3,3,0
Mickolio,Kameron,mickoka01,AL,25,2009,0.08,29,2,2,0,29,15,14,14,4.34,3,22,11,1,1,2,0
Wilson,C.J.,wilsocj01,AL,29,2009,0.55,55,3,2,12,52,29,27,26,4.34,6,46,25,1,3,3,0
Musser,Neal,mussene01,AL,29,2009,0.16,28,1,1,0,29,14,13,14,4.34,3,21,11,1,1,1,0
Worrell,Mark,worrema01,NL,26,2009,0.06,28,1,2,0,28,15,14,13,4.34,3,22,11,1,1,1,0
Morillo,Juan,morilju01,NL,26,2009,0.05,29,2,2,0,29,15,14,14,4.34,4,23,11,1,1,1,0
Vizcaino,Luis,vizcalu01,NL,35,2009,0.57,56,3,3,0,54,29,27,27,4.34,7,49,25,4,2,1,0
Jepsen,Kevin,jepseke01,AL,25,2009,0.09,29,2,2,0,29,15,14,14,4.34,3,22,11,1,1,1,0
Burgos,Ambiorix,burgoam01,NL,25,2009,0.31,28,1,1,2,27,14,13,14,4.34,4,24,11,1,1,2,0
Coutlangus,Jon,coutljo01,NL,29,2009,0.24,29,2,2,0,29,15,14,14,4.34,3,24,13,1,1,2,0
Byrdak,Tim,byrdati01,NL,36,2009,0.5,57,3,2,0,54,29,26,29,4.34,8,48,28,3,2,2,0
Robertson,Connor,roberco01,NL,28,2009,0.09,29,1,2,0,30,15,14,14,4.34,3,21,11,1,1,1,0
McBride,Macay,mcbrima01,AL,27,2009,0.31,28,2,1,0,28,15,13,14,4.34,3,22,13,1,1,1,0
Ascanio,Jose,ascanjo01,NL,24,2009,0.16,29,2,2,0,29,16,14,14,4.34,4,23,11,1,1,1,0
Herrera,Danny,herreda01,NL,25,2009,0.08,29,1,1,0,29,15,14,14,4.34,3,23,11,1,2,1,0
Floyd,Gavin,floydga01,AL,26,2009,0.75,167,11,8,0,164,91,79,82,4.34,25,120,58,4,8,6,0
White,Sean,whitese02,AL,28,2009,0.21,29,1,1,0,29,16,14,14,4.34,3,20,12,1,2,2,0
Sanchez,Anibal,sanchan01,NL,25,2009,0.55,88,5,5,0,87,45,42,43,4.35,9,70,39,3,5,3,0
Lugo,Ruddy,lugoru01,AL,29,2009,0.41,30,2,1,0,29,16,15,14,4.35,3,21,14,1,1,1,0
Outman,Josh,outmajo01,AL,25,2009,0.22,61,3,4,0,65,32,29,30,4.35,6,46,21,2,3,2,0
Kline,Steve,klinest02,NL,37,2009,0.35,30,1,2,1,32,16,14,15,4.35,3,20,12,1,1,1,0
Segovia,Zack,segovza01,NL,26,2009,0.04,61,3,4,0,61,32,30,29,4.35,7,47,22,2,2,2,0
Blackburn,Nick,blackni01,AL,27,2009,0.69,154,9,9,0,172,82,72,77,4.35,18,90,38,3,5,3,0
Yabu,Keiichi,yabuke01,NL,41,2009,0.43,59,3,4,0,60,31,27,30,4.35,5,42,26,3,4,3,1
Waechter,Doug,waechdo01,NL,28,2009,0.48,59,3,3,0,60,30,28,29,4.35,7,43,21,2,2,2,0
Dotel,Octavio,doteloc01,AL,36,2009,0.51,62,4,3,4,59,33,29,31,4.35,9,63,26,3,4,3,0
Halsey,Brad,halsebr01,AL,28,2009,0.26,30,2,2,0,31,16,14,15,4.35,3,21,12,1,1,1,0
McClung,Seth,mccluse01,NL,28,2009,0.62,89,5,6,1,85,46,43,43,4.35,9,70,44,3,4,4,0
Bazardo,Yorman,bazaryo01,AL,25,2009,0.17,33,2,2,0,33,18,17,15,4.36,3,25,12,1,2,1,0
Martis,Shairon,martish01,NL,22,2009,0.19,63,4,4,0,60,33,31,30,4.36,8,55,26,2,2,2,0
Condrey,Clay,condrcl01,NL,34,2009,0.56,65,4,3,1,74,31,29,34,4.36,6,40,22,4,3,1,0
Lopez,Aquilino,lopezaq01,AL,34,2009,0.5,66,3,2,0,71,32,30,34,4.36,8,48,22,2,3,3,0
Salas,Juan,salasju01,AL,31,2009,0.28,32,1,1,0,32,17,15,16,4.36,4,24,13,1,2,2,0
McCarthy,Brandon,mccarbr01,AL,26,2009,0.57,65,3,5,0,64,34,32,31,4.36,7,44,26,2,2,2,0
Embree,Alan,embreal01,AL,39,2009,0.58,63,3,4,4,64,33,31,30,4.36,7,50,24,3,2,2,0
Humber,Philip,humbeph01,AL,27,2009,0.16,35,2,2,0,35,18,17,17,4.37,5,24,13,1,1,1,0
Matos,Osiris,matosos01,NL,25,2009,0.19,35,2,2,0,36,20,17,17,4.37,4,28,14,1,1,1,0
Green,Sean,greense01,AL,30,2009,0.6,71,4,4,0,74,38,34,35,4.37,5,53,31,2,4,3,0
Resop,Chris,resopch01,NL,27,2009,0.24,35,2,2,0,34,18,17,17,4.37,4,26,15,2,2,1,0
Wise,Matt,wisema01,NL,34,2009,0.39,34,2,2,0,36,18,16,17,4.37,4,26,13,1,1,1,0
Tankersley,Taylor,tanketa01,NL,26,2009,0.41,39,2,2,1,37,20,19,19,4.38,5,34,18,2,2,2,0
Bonderman,Jeremy,bondeje01,AL,27,2009,0.74,113,7,6,0,116,60,55,55,4.38,13,91,40,3,3,4,0
MacDougal,Mike,macdomi01,AL,32,2009,0.38,38,2,2,0,39,20,18,19,4.38,3,29,18,2,2,3,0
Hanrahan,Joel,hanrajo01,NL,28,2009,0.57,76,5,4,4,73,39,37,37,4.38,9,71,37,4,2,4,0
Medders,Brandon,meddebr01,NL,29,2009,0.42,38,2,2,0,37,20,18,19,4.38,5,27,16,1,2,1,0
Richmond,Scott,richmsc01,AL,30,2009,0.23,73,4,5,0,78,37,35,36,4.38,8,54,22,1,3,2,0
Keppel,Bobby,keppebo01,NL,27,2009,0.14,39,2,2,0,40,21,19,19,4.38,5,29,15,1,1,1,0
Broadway,Lance,broadla01,AL,26,2009,0.19,39,2,2,0,40,21,19,19,4.38,5,30,14,1,1,1,0
Robertson,David,roberda08,AL,24,2009,0.25,40,3,2,0,39,21,20,19,4.39,4,35,16,1,1,3,0
Rosales,Leo,rosalle01,NL,28,2009,0.25,40,2,2,0,41,20,19,20,4.39,4,29,16,2,1,2,0
Park,Chan Ho,parkch01,NL,36,2009,0.62,80,4,4,1,84,42,37,41,4.39,10,62,30,4,4,2,0
Sonnanstine,Andy,sonnaan01,AL,26,2009,0.76,170,10,9,0,181,94,87,79,4.39,19,119,39,3,5,5,0
Murray,A.J.,murraaj01,AL,27,2009,0.23,42,2,2,0,43,22,20,21,4.39,5,30,17,1,1,1,0
Gutierrez,Juan,gutieju01,NL,26,2009,0.14,42,2,2,0,42,22,21,20,4.39,5,33,15,2,1,1,0
Eyre,Scott,eyresc01,NL,37,2009,0.48,43,3,2,0,44,21,20,22,4.4,5,39,19,2,2,2,0
Sadler,Billy,sadlebi01,NL,28,2009,0.34,47,2,2,0,44,24,22,24,4.4,6,40,22,2,4,4,0
Julio,Jorge,juliojo01,NL,30,2009,0.51,46,2,2,2,45,24,22,23,4.4,5,44,22,2,2,4,0
Kennedy,Joe,kennejo04,AL,30,2009,0.49,46,2,3,0,47,24,22,23,4.4,4,29,19,1,3,3,0
Buckner,Billy,bucknbi02,NL,26,2009,0.29,43,2,2,0,44,22,20,22,4.4,6,32,17,1,1,2,0
Niemann,Jeff,niemaje01,AL,26,2009,0.15,47,3,3,0,48,26,23,23,4.4,6,36,18,1,2,1,0
Francis,Jeff,francje01,NL,28,2009,0.8,153,9,9,0,161,79,75,75,4.41,18,111,52,6,5,1,0
Paulino,Felipe,paulife01,NL,26,2009,0.12,48,3,3,0,48,26,24,23,4.41,6,37,18,2,2,1,0
Gabbard,Kason,gabbaka01,AL,27,2009,0.57,95,5,4,0,93,51,46,47,4.41,9,65,47,3,4,5,0
Guardado,Eddie,guarded01,AL,39,2009,0.47,55,3,3,4,56,29,28,26,4.42,6,37,20,2,2,1,0
Looper,Braden,loopebr01,NL,35,2009,0.79,166,11,11,0,178,87,81,82,4.42,20,96,48,3,7,2,1
Proctor,Scott,proctsc01,NL,32,2009,0.59,53,3,2,0,51,28,25,27,4.42,7,46,25,2,2,3,0
Smith,Travis,smithtr01,NL,37,2009,0.02,60,3,4,0,62,32,29,30,4.42,7,45,23,2,2,2,0
Drese,Ryan,dresery01,NL,33,2009,0.03,60,3,4,0,61,32,29,30,4.42,7,46,24,2,2,2,0
Lincoln,Mike,lincomi01,NL,34,2009,0.44,60,3,4,0,60,32,30,29,4.42,8,47,22,2,2,2,0
Casilla,Santiago,garcija01,AL,29,2009,0.49,55,3,2,1,57,27,26,28,4.42,6,46,22,3,2,4,0
Seanez,Rudy,seaneru01,NL,41,2009,0.56,54,4,3,0,55,29,25,28,4.42,6,44,25,3,2,2,0
Schoeneweis,Scott,schoesc01,NL,36,2009,0.56,59,2,4,1,60,30,28,30,4.42,7,41,25,4,3,3,0
Ledezma,Wilfredo,ledezwi01,NL,28,2009,0.57,65,2,3,0,64,35,31,33,4.43,6,53,34,3,2,3,1
Howry,Bobby,howrybo01,NL,36,2009,0.63,68,5,5,3,73,35,33,34,4.43,9,57,19,3,2,1,0
Hensley,Clay,henslcl01,NL,30,2009,0.6,61,3,4,0,61,34,31,29,4.43,5,43,29,3,2,2,0
Blackley,Travis,blacktr01,NL,27,2009,0.06,61,3,3,0,61,32,30,30,4.43,7,47,24,2,2,2,1
Arroyo,Bronson,arroybr01,NL,32,2009,0.83,181,11,11,0,191,94,86,92,4.43,24,142,60,4,7,5,0
Baek,Cha Seung,baekch01,NL,29,2009,0.69,128,6,8,0,132,69,65,61,4.43,15,90,41,3,4,4,0
Speier,Justin,speieju01,AL,36,2009,0.57,64,3,5,0,63,33,30,33,4.43,10,52,24,3,4,4,0
Perkins,Glen,perkigl01,AL,26,2009,0.66,126,8,4,0,137,64,59,65,4.43,17,76,38,1,4,3,1
Mitre,Sergio,mitrese01,NL,28,2009,0.56,71,3,4,0,77,39,35,35,4.44,6,48,24,2,4,2,0
Parr,James,parrja01,NL,23,2009,0.2,71,4,3,0,73,37,34,36,4.44,9,55,27,2,2,3,0
Parra,Manny,parrama01,NL,27,2009,0.67,139,8,7,0,144,73,66,71,4.44,14,121,59,2,3,10,1
Hurley,Eric,hurleer01,AL,24,2009,0.22,72,4,4,0,72,38,36,35,4.44,9,52,26,1,3,3,0
Olsen,Scott,olsensc01,NL,25,2009,0.81,179,9,11,0,181,100,88,89,4.45,25,129,69,7,3,6,0
Hughes,Philip,hugheph01,AL,23,2009,0.48,84,4,5,0,83,46,43,40,4.45,9,65,32,1,3,4,0
Reyes,Anthony,reyesan01,AL,28,2009,0.63,84,4,7,0,84,45,43,40,4.45,10,58,31,1,4,1,1
Wakefield,Tim,wakefti01,AL,43,2009,0.8,169,11,11,0,165,91,85,82,4.45,22,105,61,1,9,9,0
Hill,Shawn,hillsh01,NL,28,2009,0.61,101,4,6,0,109,55,50,50,4.46,9,71,34,3,4,3,1
Cueto,Johnny,cuetojo01,NL,23,2009,0.66,147,8,10,0,144,79,73,73,4.47,21,132,55,2,9,5,1
Eveland,Dana,evelada01,AL,26,2009,0.67,141,8,8,0,144,73,71,69,4.47,11,104,61,2,9,5,1
Pettitte,Andy,pettian01,AL,37,2009,0.82,183,12,11,0,206,97,89,93,4.48,18,132,58,3,4,4,1
Russell,Adam,russead01,AL,26,2009,0.23,38,3,2,0,39,20,19,19,4.5,4,29,14,1,2,2,0
Birkins,Kurt,birkiku01,AL,29,2009,0.33,35,2,2,0,37,20,18,17,4.5,3,27,14,1,2,1,0
Miceli,Dan,micelda01,AL,39,2009,0.11,25,1,1,1,26,13,12,13,4.5,3,17,10,1,1,1,0
Mateo,Julio,mateoju01,AL,32,2009,0.23,26,2,1,0,27,14,13,13,4.5,3,18,10,1,1,1,0
Beltran,Francis,beltrfr01,AL,30,2009,0.13,31,2,2,0,32,17,15,16,4.5,4,23,12,1,1,1,0
Tata,Jordan,tatajo01,AL,28,2009,0.14,41,2,2,0,42,23,21,20,4.5,4,29,16,1,2,1,0
Koplove,Mike,koplomi01,AL,33,2009,0.05,26,1,1,0,27,14,13,13,4.5,3,19,10,1,1,1,0
Woods,Jake,woodsja01,AL,28,2009,0.41,39,2,2,0,40,21,19,20,4.5,5,26,17,1,1,2,0
Dohmann,Scott,dohmasc01,AL,31,2009,0.37,36,2,2,0,37,20,18,18,4.5,4,28,16,1,1,1,0
Roney,Matt,roneyma01,AL,29,2009,0.01,25,1,1,0,26,13,12,13,4.5,3,18,9,1,1,1,0
Etherton,Seth,etherse01,AL,33,2009,0.03,60,4,3,0,62,33,30,30,4.5,7,43,23,1,2,2,0
Harris,Jeff,harrije02,AL,35,2009,0.01,25,1,1,0,26,13,12,13,4.5,3,18,9,1,1,1,0
Serrano,Alex,serraal01,AL,28,2009,0.01,25,1,1,0,26,13,12,13,4.5,3,19,9,1,1,1,0
Ryu,Jae Kuk,ryuja01,AL,26,2009,0.2,29,2,2,0,30,16,15,14,4.5,3,21,11,1,2,1,0
Smith,Mike,smithmi06,AL,32,2009,0.01,60,3,3,0,62,32,30,30,4.5,7,44,23,2,3,2,0
De Jong,Jordan,dejonjo01,AL,30,2009,0.06,26,1,1,0,27,14,13,13,4.5,3,19,10,1,1,1,0
Messenger,Randy,messera01,AL,28,2009,0.46,38,2,2,1,43,19,18,20,4.5,4,25,14,1,1,1,0
Niese,Jonathon,niesejo01,NL,23,2009,0.14,67,4,4,0,69,36,34,33,4.5,8,54,26,2,2,2,0
Corcoran,Tim,corcoti02,AL,31,2009,0.32,41,2,2,0,42,22,21,20,4.5,4,28,18,2,2,1,0
Williamson,Scott,willisc01,AL,33,2009,0.2,26,2,1,0,27,14,13,13,4.5,3,21,11,1,1,1,0
Gronkiewicz,Lee,gronkle01,AL,31,2009,0.03,25,1,1,0,26,13,12,13,4.5,3,18,10,1,1,1,0
Montero,Agustin,monteag01,AL,32,2009,0.05,25,1,1,0,26,13,12,13,4.5,3,18,9,1,1,1,0
Cali,Carmen,calica01,AL,31,2009,0.14,27,1,1,0,28,14,13,14,4.5,3,20,11,1,1,1,0
DuBose,Eric,duboser01,AL,33,2009,0.02,25,1,1,0,26,13,12,13,4.5,3,18,9,1,1,1,0
Harper,Travis,harpetr01,AL,33,2009,0.14,25,1,1,0,27,14,12,13,4.5,3,18,9,1,1,1,0
Baez,Danys,baezda01,AL,32,2009,0.38,30,1,2,2,30,17,16,14,4.5,3,20,12,1,2,1,0
Lowery,Devon,lowerde01,AL,26,2009,0.05,27,2,1,0,28,15,14,13,4.5,3,21,10,1,1,1,0
Nageotte,Clint,nageocl01,AL,29,2009,0,25,1,1,0,26,13,12,13,4.5,3,18,9,1,1,1,0
Rapada,Clay,rapadcl01,AL,28,2009,0.21,36,3,2,0,36,19,18,18,4.5,4,27,15,1,1,2,0
Windsor,Jason,windsja01,AL,27,2009,0.05,51,3,3,0,53,27,25,26,4.5,6,38,19,1,2,2,0
Wassermann,Ehren,wasseeh01,AL,29,2009,0.28,37,2,2,0,39,21,19,18,4.5,3,25,15,3,2,1,0
Calero,Kiko,calerki01,AL,34,2009,0.37,31,1,2,0,32,17,16,15,4.5,3,26,13,1,1,1,0
Wright,Chase,wrighch01,AL,26,2009,0.07,49,3,2,0,50,26,24,25,4.5,7,37,19,1,2,2,0
Marshall,Jay,marshja01,AL,26,2009,0.24,29,1,2,0,30,17,15,14,4.5,3,20,12,2,1,1,0
Ginter,Matt,gintema01,AL,32,2009,0.19,71,4,5,0,75,38,36,35,4.5,8,49,23,2,2,3,0
Myers,Mike,myersmi01,AL,40,2009,0.34,30,2,1,0,32,17,15,15,4.5,3,20,12,1,1,1,0
Bauer,Rick,bauerri01,AL,32,2009,0.25,29,1,1,0,30,16,15,14,4.5,3,20,11,1,1,1,0
Komine,Shane,kominsh01,AL,29,2009,0.08,37,2,2,0,38,20,18,19,4.5,5,26,14,1,2,1,0
Childers,Jason,childja01,AL,34,2009,0.03,25,1,1,0,26,13,12,13,4.5,3,18,10,1,1,1,0
Simon,Alfredo,simonal01,AL,28,2009,0.13,40,2,2,0,42,22,20,20,4.5,5,29,14,1,2,2,0
Gwyn,Marcus,gwynma01,AL,32,2009,0.04,26,1,1,0,27,15,13,13,4.5,3,19,10,1,1,1,0
Garland,Jon,garlajo01,AL,30,2009,0.82,179,11,9,0,199,99,89,90,4.5,19,94,52,3,6,3,0
Stanford,Jason,stanfja01,AL,32,2009,0.16,36,2,2,0,38,19,18,18,4.5,4,26,13,1,2,1,0
Hernandez,Fernando,hernafe03,AL,25,2009,0.03,27,2,1,0,27,15,14,13,4.5,3,20,11,1,1,1,0
Korecky,Bobby,korecbo01,AL,30,2009,0.17,34,2,2,0,35,18,17,17,4.5,4,23,13,1,1,1,0
Jones,Greg,jonesgr01,AL,33,2009,0.08,26,1,1,0,27,14,13,13,4.5,3,18,10,1,1,1,0
Foulke,Keith,foulkke01,AL,37,2009,0.35,41,2,3,0,41,21,20,21,4.5,6,29,15,1,2,1,0
Standridge,Jason,standja01,AL,31,2009,0.11,26,1,2,0,27,15,13,13,4.5,3,19,11,1,1,1,0
Castillo,Alberto,castial02,AL,34,2009,0.23,38,2,2,0,40,19,18,20,4.5,4,29,14,1,4,1,0
Hermanson,Dustin,hermadu01,AL,37,2009,0.02,25,1,1,0,26,13,12,13,4.5,3,18,9,1,1,1,0
Radke,Brad,radkebr01,AL,37,2009,0.38,60,4,3,0,66,32,29,31,4.5,7,39,19,1,2,2,0
Andrade,Steve,andrast01,AL,31,2009,0.02,25,1,1,0,26,13,12,13,4.5,3,18,10,1,1,1,0
Miller,Matt,millema02,AL,38,2009,0.06,25,1,1,0,26,13,12,13,4.5,3,18,10,1,1,1,0
Sikorski,Brian,sikorbr01,AL,35,2009,0.11,25,1,1,0,26,13,12,13,4.5,3,19,9,1,1,1,0
Bueno,Francisley,buenofr01,NL,28,2009,0.03,26,1,1,0,27,14,13,13,4.5,3,20,10,1,1,1,0
Franklin,Wayne,frankwa01,NL,35,2009,0.03,25,1,1,0,26,13,12,13,4.5,3,19,10,1,1,1,0
Bernero,Adam,bernead01,NL,33,2009,0.05,51,3,3,0,53,27,25,26,4.5,6,40,19,2,2,2,0
Driskill,Travis,drisktr01,NL,38,2009,0.04,26,1,2,0,27,14,13,13,4.5,3,19,10,1,1,1,0
Ray,Ken,rayke01,NL,35,2009,0.2,25,1,1,1,25,13,12,13,4.5,3,19,11,1,1,1,0
Brito,Eude,britoeu01,NL,31,2009,0.06,39,2,2,0,40,21,19,20,4.5,4,29,16,2,2,2,0
Bowie,Micah,bowiemi01,NL,35,2009,0.37,40,2,2,0,40,21,20,20,4.5,5,30,17,1,2,1,0
Colyer,Steve,colyest01,NL,30,2009,0.03,25,1,2,0,27,13,12,13,4.5,3,20,10,1,1,1,0
Brazoban,Yhency,brazoyh01,NL,29,2009,0.06,27,1,1,0,28,15,13,14,4.5,3,22,11,1,1,1,0
Santana,Julio,santaju01,NL,36,2009,0.03,25,1,1,0,26,14,12,13,4.5,3,19,10,1,1,1,0
Perez,Juan,perezju01,NL,31,2009,0.1,26,1,1,0,27,14,13,13,4.5,3,21,11,1,1,1,0
Figueroa,Nelson,figuene01,NL,35,2009,0.34,61,3,4,0,63,33,30,31,4.5,6,47,28,2,2,1,0
Capuano,Chris,capuach01,NL,31,2009,0.66,72,3,5,0,76,39,36,36,4.5,9,60,24,2,3,3,0
Remlinger,Mike,remlimi01,NL,43,2009,0.08,25,1,2,0,27,13,12,13,4.5,3,19,10,1,1,1,0
Ennis,John,ennisjo01,NL,30,2009,0.05,37,2,2,1,39,20,19,18,4.5,4,30,14,1,1,1,0
Helling,Rick,helliri01,NL,39,2009,0.12,29,1,2,0,29,15,14,15,4.5,4,22,12,1,1,1,0
Ekstrom,Michael,ekstrmi01,NL,26,2009,0.1,30,2,2,0,31,16,15,15,4.5,4,23,12,1,1,1,0
Thompson,Mike,thompmi03,NL,29,2009,0.32,44,2,2,0,46,25,22,22,4.5,5,28,16,2,2,1,0
Shackelford,Brian,shackbr01,NL,33,2009,0.06,25,1,1,0,26,13,12,13,4.5,3,19,10,1,1,1,0
Nieve,Fernando,nievefe01,NL,27,2009,0.32,36,2,2,0,36,19,18,18,4.5,5,29,13,1,1,1,0
Serafini,Dan,serafda01,NL,35,2009,0,25,1,1,0,26,14,12,13,4.5,3,19,10,1,1,1,0
Choate,Randy,choatra01,NL,34,2009,0.06,25,1,1,0,26,13,12,13,4.5,3,19,9,1,1,1,0
DeJean,Mike,dejeami01,NL,39,2009,0.01,25,1,1,0,26,13,12,13,4.5,3,19,10,1,1,1,0
Carvajal,Marcos,carvama01,NL,25,2009,0.03,25,1,1,0,26,13,12,13,4.5,3,20,10,1,1,1,0
Peguero,Jailen,pegueja01,NL,28,2009,0.18,31,2,1,0,31,18,16,15,4.5,3,23,13,1,1,1,0
Beam,T.J.,beamtj01,NL,29,2009,0.37,48,3,2,0,48,25,24,24,4.5,6,33,19,3,2,1,0
Burnett,Sean,burnese01,NL,27,2009,0.39,53,2,2,0,53,28,26,27,4.5,6,41,25,2,2,3,0
Bajenaru,Jeff,bajenje01,NL,31,2009,0,25,1,2,0,26,13,12,13,4.5,3,19,10,1,1,1,0
Cortes,David,corteda01,NL,36,2009,0.1,25,1,1,0,26,13,12,13,4.5,3,18,9,1,1,1,0
Espineli,Geno,espinge01,NL,27,2009,0.15,33,2,2,0,33,17,16,17,4.5,5,25,13,2,1,2,0
Cotts,Neal,cottsne01,NL,29,2009,0.42,45,2,2,0,46,23,22,23,4.5,6,40,18,2,2,2,0
Cormier,Rheal,cormirh01,NL,42,2009,0.17,25,1,1,0,27,13,12,13,4.5,3,17,10,1,1,1,0
Collazo,Willie,collawi01,NL,30,2009,0.04,26,1,1,0,26,14,13,13,4.5,3,19,10,1,1,1,0
Carrara,Giovanni,carragi01,NL,41,2009,0.09,25,1,1,0,26,13,12,13,4.5,3,19,10,1,1,1,0
Manning,Charlie,mannich01,NL,30,2009,0.32,46,2,3,0,44,25,23,23,4.5,6,37,23,2,1,2,0
Knight,Brandon,knighbr01,NL,34,2009,0.12,49,3,2,0,51,26,24,25,4.5,5,38,20,1,3,2,0
Stults,Eric,stulter01,NL,30,2009,0.44,71,4,5,0,74,38,35,36,4.5,9,54,27,3,2,2,0
Munter,Scott,muntesc01,NL,29,2009,0.14,26,1,2,0,27,14,13,13,4.5,3,19,11,1,1,1,0
Meek,Evan,meekev01,NL,26,2009,0.13,31,2,2,0,30,17,16,15,4.5,4,24,14,2,1,2,0
Youman,Shane,youmash01,NL,30,2009,0.34,49,2,3,0,50,27,25,24,4.5,5,33,19,1,2,1,0
Keisler,Randy,keislra01,NL,33,2009,0.14,38,2,2,0,40,20,19,19,4.5,5,27,14,1,1,1,0
Mercker,Kent,merckke01,NL,41,2009,0.21,32,2,2,0,33,17,15,17,4.5,4,22,14,1,1,1,0
Thompson,Brad,thompbr01,NL,27,2009,0.66,79,5,4,0,85,42,39,40,4.5,9,46,26,2,5,2,0
Ramirez,Santiago,ramirsa01,NL,31,2009,0.01,25,1,1,0,26,13,12,13,4.5,3,19,10,1,1,1,0
Herges,Matt,hergema01,NL,39,2009,0.58,62,3,3,0,68,34,30,32,4.5,6,43,24,3,3,2,0
Zito,Barry,zitoba01,NL,31,2009,0.81,169,10,12,0,166,93,86,83,4.5,18,119,82,7,5,4,0
Zarate,Mauro,zaratma01,NL,26,2009,0.04,25,1,1,0,26,14,12,13,4.5,3,20,9,1,1,1,0
Winkelsas,Joe,winkejo01,NL,36,2009,0.03,25,1,2,0,26,14,12,13,4.5,3,19,10,1,1,1,0
McLeary,Marty,mcleama01,NL,35,2009,0.11,31,2,2,0,32,17,15,16,4.5,4,23,12,1,1,1,0
Taubenheim,Ty,taubety01,NL,27,2009,0.19,53,3,3,0,54,28,26,27,4.5,6,42,22,1,3,2,0
Germano,Justin,germaju01,NL,27,2009,0.6,85,4,6,0,88,47,43,42,4.5,10,55,28,3,4,3,0
Soler,Alay,soleral01,NL,30,2009,0.14,60,3,4,0,61,33,30,30,4.5,7,44,24,2,2,2,0
Wagner,Ryan,wagnery01,NL,27,2009,0.19,27,1,2,0,28,14,13,14,4.5,3,20,11,1,1,1,0
Gallo,Mike,gallomi01,NL,32,2009,0.06,25,1,2,0,26,13,12,13,4.5,3,19,10,1,1,1,0
Mathieson,Scott,mathisc01,NL,25,2009,0.12,56,3,3,0,57,31,28,28,4.5,7,45,21,2,2,2,0
Guevara,Carlos,guevaca01,NL,27,2009,0.12,31,2,2,0,31,17,15,16,4.5,4,25,13,2,1,2,0
Sturtze,Tanyon,sturtta01,NL,39,2009,0.06,26,1,1,0,27,14,13,13,4.5,3,19,11,1,1,1,0
Wolf,Randy,wolfra02,NL,33,2009,0.76,165,11,10,0,170,88,82,83,4.5,19,139,65,4,9,4,0
Kunz,Eddie,kunzed01,NL,23,2009,0.03,26,1,1,0,26,14,13,13,4.5,3,21,10,1,1,1,0
Venafro,Mike,venafmi01,NL,36,2009,0.01,25,1,1,0,26,13,12,13,4.5,3,19,10,1,1,1,0
Martin,Tom,martito02,NL,39,2009,0.3,28,1,1,0,30,15,14,14,4.5,3,20,11,1,1,1,0
Owings,Micah,owingmi01,NL,27,2009,0.7,123,7,8,0,119,70,65,59,4.54,15,97,45,2,10,4,0
Banks,Josh,banksjo01,NL,27,2009,0.5,95,4,6,0,100,51,48,48,4.55,12,61,35,4,3,2,0
Karstens,Jeff,karstje01,NL,27,2009,0.46,80,4,7,0,85,47,40,41,4.56,10,50,28,2,2,3,0
Bonine,Eddie,bonined01,AL,28,2009,0.23,73,5,4,0,80,41,37,37,4.56,8,48,24,1,3,2,0
Rupe,Josh,rupejo01,AL,27,2009,0.53,70,3,2,0,71,37,36,35,4.56,7,46,30,2,5,3,0
Albers,Matt,alberma01,AL,26,2009,0.59,72,4,5,0,73,39,37,36,4.56,8,48,29,2,3,3,0
Bass,Brian,bassbr01,AL,27,2009,0.5,73,4,4,1,76,41,37,37,4.56,9,46,26,3,3,4,0
Chacin,Gustavo,chacigu01,AL,29,2009,0.35,63,4,3,0,64,34,32,32,4.57,9,41,23,2,3,2,0
de los Santos,Valerio,delosva01,NL,37,2009,0.08,64,3,4,0,65,35,32,33,4.57,8,51,31,2,2,2,0
Clippard,Tyler,clippty01,NL,24,2009,0.24,68,5,4,0,68,36,34,35,4.57,9,54,30,3,2,3,1
Yates,Tyler,yatesty01,NL,32,2009,0.6,68,4,4,1,67,37,35,34,4.57,7,59,33,5,2,3,0
Duckworth,Brandon,duckwbr01,AL,33,2009,0.49,63,4,5,0,67,36,32,32,4.57,5,39,28,2,3,3,0
Thompson,Daryl,thompda02,NL,24,2009,0.14,67,3,4,0,69,36,34,34,4.57,8,50,26,2,3,3,1
Kobayashi,Masahide,kobayma01,AL,35,2009,0.39,53,3,4,3,58,28,26,28,4.58,7,36,17,2,2,3,0
Benson,Kris,bensokr01,AL,35,2009,0.41,60,3,4,0,63,33,30,31,4.58,8,38,22,1,2,2,0
Villone,Ron,villoro01,NL,39,2009,0.54,54,2,2,0,52,29,28,27,4.58,6,44,29,3,2,3,0
Moyer,Jamie,moyerja01,NL,47,2009,0.82,178,12,10,0,195,93,87,94,4.58,23,111,62,4,7,3,0
Lerew,Anthony,lerewan01,NL,27,2009,0.09,56,3,4,0,57,31,29,28,4.58,7,44,23,2,2,2,0
Gagne,Eric,gagneer01,NL,33,2009,0.48,53,4,3,9,53,28,27,27,4.58,7,44,22,2,2,2,0
Shearn,Tom,shearto01,NL,32,2009,0.2,58,4,3,0,59,31,29,30,4.58,8,42,23,2,2,2,0
Prior,Mark,priorma01,NL,29,2009,0.14,60,3,4,0,61,34,31,30,4.58,7,48,25,2,3,2,0
Peralta,Joel,peraljo01,AL,33,2009,0.6,60,2,3,0,63,33,31,30,4.58,9,44,18,2,2,2,0
Mota,Guillermo,motagu01,NL,36,2009,0.56,59,4,4,0,60,32,30,30,4.58,8,48,25,2,1,3,0
Thomson,John,thomsjo01,AL,36,2009,0.28,56,3,4,0,61,32,28,29,4.58,6,37,21,2,2,1,0
Wright,Jaret,wrighja02,AL,34,2009,0.38,58,3,4,0,62,32,29,30,4.58,6,40,24,1,2,2,0
Bullington,Bryan,bullibr01,AL,29,2009,0.23,56,2,4,0,59,31,28,29,4.58,8,40,19,1,2,2,0
Cassel,Jack,casseja01,NL,29,2009,0.34,58,3,3,0,63,32,29,30,4.58,7,39,20,2,2,2,1
Washburn,Jarrod,washbja01,AL,35,2009,0.8,155,7,12,0,167,84,78,80,4.59,19,93,53,3,7,3,0
Hendrickson,Ben,hendrbe01,NL,28,2009,0.04,51,3,3,0,53,28,26,26,4.59,6,40,20,2,2,2,0
Shiell,Jason,shielja01,NL,33,2009,0.06,51,3,3,0,54,28,26,26,4.59,6,40,20,2,2,1,0
Durbin,J.D.,durbijd01,NL,27,2009,0.33,50,3,3,0,52,29,26,25,4.59,5,37,22,2,2,1,0
Michalak,Chris,michach01,NL,38,2009,0.12,51,3,3,0,54,28,25,27,4.59,6,36,21,2,2,2,0
Davis,Doug,davisdo02,NL,34,2009,0.79,152,8,9,0,163,80,74,81,4.59,15,117,71,4,4,6,0
Jones,Todd,jonesto02,AL,41,2009,0.54,52,3,3,19,57,29,26,27,4.59,5,29,20,3,2,3,0
Braden,Dallas,bradeda01,AL,26,2009,0.57,89,5,6,0,95,51,46,45,4.6,10,62,31,2,3,3,1
Yabuta,Yasuhiko,yabutya01,AL,36,2009,0.3,44,2,3,0,47,24,22,23,4.6,6,31,18,1,1,1,0
Hudson,Luke,hudsolu01,AL,32,2009,0.28,46,3,3,0,48,26,24,23,4.6,5,32,18,1,2,2,0
Purcey,David,purceda01,AL,27,2009,0.42,93,5,6,0,94,52,49,46,4.6,11,75,37,1,4,4,0
Bierd,Randor,bierdra01,AL,25,2009,0.29,43,2,2,0,47,23,21,23,4.6,4,32,17,1,2,3,0
Guzman,Angel,guzmaan01,NL,28,2009,0.35,45,2,2,0,46,24,23,23,4.6,5,39,18,1,2,3,0
Gordon,Tom,gordoto01,NL,42,2009,0.46,44,3,3,6,46,24,22,23,4.6,6,36,19,1,1,2,0
Seddon,Chris,seddoch01,NL,26,2009,0.12,47,2,3,0,50,27,24,24,4.6,5,36,17,1,2,1,0
Gonzalez,Enrique,gonzaen01,NL,27,2009,0.31,44,2,3,0,45,25,24,21,4.6,5,32,16,1,2,1,0
Marquis,Jason,marquja01,NL,31,2009,0.8,162,10,9,0,166,90,84,82,4.61,18,96,66,5,9,5,1
Reyes,Al,reyesal01,AL,38,2009,0.42,42,2,3,7,41,23,22,21,4.61,6,36,16,1,2,1,0
Vargas,Claudio,vargacl01,NL,31,2009,0.67,82,6,4,0,86,46,42,42,4.61,11,62,30,2,3,3,0
Redding,Tim,redditi01,NL,31,2009,0.73,159,8,10,0,166,87,80,83,4.61,21,107,61,5,6,7,1
Sanchez,Jonathan,sanchjo01,NL,27,2009,0.7,128,7,9,0,126,72,69,62,4.61,13,123,58,2,6,6,0
Barone,Daniel,baronda01,NL,26,2009,0.24,42,2,3,0,44,23,21,22,4.61,6,30,17,2,1,1,0
Hart,Kevin,hartke01,NL,27,2009,0.28,40,2,2,0,42,23,20,21,4.61,4,33,18,2,2,1,0
Loe,Kameron,loeka01,AL,28,2009,0.62,73,3,4,0,81,44,37,38,4.62,7,46,26,2,2,3,0
Muniz,Carlos,munizca01,NL,28,2009,0.22,37,2,2,0,37,20,19,19,4.62,5,28,14,1,2,2,0
Ring,Royce,ringro01,NL,29,2009,0.31,38,2,2,0,39,23,20,19,4.62,4,30,17,2,2,1,0
Falkenborg,Brian,falkebr01,NL,31,2009,0.29,38,2,3,0,40,20,19,20,4.62,5,30,16,2,1,1,0
Ayala,Luis,ayalalu01,NL,31,2009,0.54,67,3,6,4,71,38,35,34,4.63,8,48,23,2,3,2,0
Correia,Kevin,correke01,NL,29,2009,0.69,101,4,6,0,109,55,52,52,4.63,11,73,40,4,3,3,0
Bulger,Jason,bulgeja01,AL,31,2009,0.19,34,2,2,0,34,19,18,17,4.63,4,28,14,1,2,1,0
Misch,Patrick,mischpa01,NL,28,2009,0.47,68,2,4,0,71,37,35,35,4.63,9,51,23,3,3,2,1
Bergmann,Jay,bergmja01,NL,28,2009,0.73,131,4,8,0,133,77,69,66,4.64,20,98,47,3,3,3,0
Adenhart,Nick,adenhni01,AL,23,2009,0.12,66,4,3,0,69,37,35,33,4.64,6,47,29,1,2,3,0
Cruceta,Francisco,crucefr01,AL,28,2009,0.14,32,2,2,0,33,18,16,17,4.64,4,24,14,1,1,2,0
Snell,Ian,snellia01,NL,28,2009,0.8,163,8,10,0,175,88,82,86,4.64,18,139,70,3,4,7,1
Walrond,Les,walrole01,NL,33,2009,0.15,33,2,2,0,34,18,17,17,4.64,3,27,15,2,1,2,0
Balester,Collin,balesco01,NL,23,2009,0.47,100,5,7,0,104,57,52,51,4.64,13,73,35,2,5,4,0
Hampton,Mike,hamptmi01,NL,37,2009,0.47,99,5,6,0,105,55,51,51,4.64,12,62,38,6,3,2,0
Chavez,Jesse,chaveje01,NL,26,2009,0.14,33,2,2,0,34,18,17,17,4.64,4,27,13,2,1,2,0
Brazelton,Dewon,brazede01,NL,29,2009,0.06,33,2,2,0,34,19,17,17,4.64,4,25,13,1,1,1,0
King,Ray,kingra01,NL,35,2009,0.35,32,1,2,0,34,17,16,17,4.64,4,22,14,1,1,1,0
Wilson,Kris,wilsokr01,AL,33,2009,0.03,32,2,2,0,34,17,16,17,4.64,4,23,12,1,1,1,0
Lima,Jose,limajo01,NL,37,2009,0.06,60,3,4,0,63,34,31,31,4.65,7,45,24,2,3,2,0
Stanton,Mike,stantmi02,NL,42,2009,0.41,31,2,2,1,34,17,16,16,4.65,3,22,12,2,1,1,0
Harikkala,Tim,harikti01,NL,38,2009,0.02,60,3,3,0,65,33,30,32,4.65,7,45,24,2,2,2,0
Hochevar,Luke,hochelu01,AL,26,2009,0.61,123,6,9,0,129,71,66,61,4.65,12,78,44,2,6,6,0
Ridgway,Jeff,ridgwje01,NL,29,2009,0.1,30,2,2,0,31,17,16,15,4.65,4,23,11,1,2,1,0
Threets,Erick,threeer01,NL,28,2009,0.12,30,1,2,0,31,16,15,16,4.65,3,23,14,2,2,1,0
James,Chuck,jamesch03,NL,28,2009,0.67,89,6,6,0,88,47,45,47,4.65,16,68,37,3,3,2,1
Livingston,Bobby,livinbo01,NL,27,2009,0.31,61,3,3,0,67,34,31,32,4.65,8,43,20,2,2,2,1
Lidle,Cory,lidleco01,AL,37,2009,0.39,59,4,3,0,62,33,30,31,4.65,8,43,22,1,3,2,0
Carrasco,Hector,carrahe01,AL,40,2009,0.4,30,2,1,0,32,17,15,16,4.65,4,22,12,1,1,2,0
Day,Zach,dayza01,NL,31,2009,0.13,60,3,4,0,63,33,31,31,4.65,7,44,24,2,2,2,0
Claussen,Brandon,clausbr01,NL,30,2009,0.22,60,3,4,0,63,34,31,31,4.65,8,46,23,2,3,2,0
Boyer,Blaine,boyerbl01,NL,28,2009,0.46,62,3,4,1,63,37,34,30,4.65,7,52,22,3,2,2,0
Spurling,Chris,spurlch01,NL,32,2009,0.31,30,1,1,0,32,16,15,16,4.65,4,21,11,1,1,1,0
Register,Steven,regisst01,NL,26,2009,0.1,30,2,2,0,31,17,16,15,4.65,4,24,12,1,1,1,0
Masset,Nick,masseni01,NL,27,2009,0.51,61,3,2,0,66,34,30,33,4.65,6,45,27,4,2,3,1
Estrada,Marco,estrama01,NL,26,2009,0.12,31,2,2,0,32,18,16,16,4.65,4,25,12,1,2,1,0
Gonzalez,Geremi,gonzaje01,NL,34,2009,0.17,31,2,2,0,33,17,16,16,4.65,4,24,12,1,1,1,0
Rosario,Francisco,rosarfr01,NL,29,2009,0.22,28,1,2,0,30,15,14,15,4.66,3,23,12,1,2,1,0
Bannister,Brian,bannibr01,AL,28,2009,0.77,167,10,11,0,177,96,89,84,4.66,21,101,54,2,6,6,1
Sosa,Jorge,sosajo02,NL,32,2009,0.6,55,4,4,0,58,32,29,28,4.66,7,37,21,3,1,1,0
Hennessey,Brad,hennebr01,NL,29,2009,0.57,56,3,3,4,60,31,29,29,4.66,7,35,21,1,2,2,0
Glavine,Tom,glavito02,NL,43,2009,0.75,112,6,6,0,121,60,57,59,4.66,14,65,45,4,3,1,0
Williams,Jerome,willije02,NL,28,2009,0.21,57,2,5,0,58,33,30,29,4.66,7,41,25,2,2,2,1
Parrish,John,parrijo01,AL,32,2009,0.46,56,2,2,0,61,30,28,30,4.66,5,38,25,2,2,3,0
Gosling,Mike,goslimi01,NL,29,2009,0.2,28,2,1,0,30,15,14,15,4.66,3,23,14,2,1,1,0
Gallagher,Sean,gallase01,AL,24,2009,0.58,110,5,6,0,111,65,59,55,4.66,12,90,49,2,5,3,0
Lowe,Mark,lowema01,AL,26,2009,0.45,57,2,3,0,61,32,29,30,4.66,6,47,25,1,3,2,0
Barry,Kevin,barryke01,NL,31,2009,0.1,27,1,1,0,28,15,14,14,4.67,3,21,11,1,1,1,0
Aardsma,David,aardsda01,AL,28,2009,0.5,53,3,2,0,53,30,28,27,4.67,6,46,26,2,3,2,0
Davis,Kane,daviska01,NL,34,2009,0.08,26,1,2,0,28,14,13,14,4.67,3,20,11,1,1,1,0
Rincon,Ricardo,rincori01,NL,39,2009,0.05,27,1,1,0,28,15,14,14,4.67,3,21,11,1,1,1,0
Estes,Shawn,estessh01,NL,36,2009,0.34,78,4,5,0,84,43,39,42,4.67,10,51,31,2,3,3,0
Switzer,Jon,switzjo01,AL,30,2009,0.21,27,1,2,0,29,15,14,14,4.67,3,19,11,1,1,1,0
Wright,Jamey,wrighja01,AL,35,2009,0.68,79,5,5,0,84,46,41,41,4.67,7,50,34,2,5,4,0
McClellan,Zach,mccleza01,NL,31,2009,0.1,26,1,1,0,28,14,13,14,4.67,3,21,10,1,1,1,0
DePaula,Julio,depauju01,AL,27,2009,0.13,27,1,1,0,29,16,14,14,4.67,3,19,10,1,1,1,0
Gray,Jeff,grayje02,AL,28,2009,0.05,27,1,1,0,29,15,14,14,4.67,3,20,10,1,1,1,0
Stone,Ricky,stoneri01,NL,34,2009,0.04,26,1,1,0,27,14,13,14,4.67,4,19,10,1,1,1,0
Halama,John,halamjo01,AL,37,2009,0.1,27,2,1,0,29,15,14,14,4.67,3,19,10,1,1,1,0
Rodriguez,Felix,rodrife01,NL,37,2009,0.1,25,1,1,0,26,14,13,13,4.68,3,18,10,1,1,1,0
Doyne,Cory,doyneco01,AL,28,2009,0.03,25,1,1,0,26,14,13,13,4.68,3,19,10,1,1,1,0
Erickson,Scott,ericksc01,AL,41,2009,0.04,25,1,1,0,27,14,13,13,4.68,3,17,10,1,1,1,0
Davidson,Dave,davidda01,NL,25,2009,0.01,25,1,1,0,26,14,13,13,4.68,3,20,10,1,1,1,0
Vogelsong,Ryan,vogelry01,NL,32,2009,0.12,25,1,1,0,26,14,13,13,4.68,3,19,10,1,1,1,0
Nelson,Jeff,nelsoje01,AL,43,2009,0.01,25,1,2,0,27,14,13,13,4.68,3,18,10,1,1,1,0
Diaz,Jose,diazjo01,AL,29,2009,0.03,25,1,1,0,26,14,13,13,4.68,3,19,10,1,1,1,0
Field,Nate,fieldna01,NL,34,2009,0.04,25,1,1,0,26,13,13,13,4.68,3,20,10,1,1,1,0
Garcia,Freddy,garcifr02,AL,34,2009,0.59,73,4,4,0,78,41,38,38,4.68,10,53,24,2,4,3,0
Hammond,Chris,hammoch01,NL,43,2009,0.1,25,1,1,0,27,14,13,13,4.68,3,19,9,1,1,1,0
Prinz,Bret,prinzbr01,AL,32,2009,0.02,25,1,1,0,26,14,13,13,4.68,3,18,10,1,1,1,0
Davis,Jason,davisja02,NL,29,2009,0.46,49,3,3,0,52,28,25,26,4.68,4,32,22,2,3,3,1
Stemle,Steve,stemlst01,AL,32,2009,0.02,25,1,1,0,27,14,13,13,4.68,3,18,9,1,1,1,0
Walker,Pete,walkepe01,AL,40,2009,0.1,25,1,1,0,27,14,13,13,4.68,3,18,10,1,1,1,0
Carter,Lance,cartela02,NL,35,2009,0.04,25,1,1,0,26,14,13,13,4.68,3,19,10,1,1,1,0
Manon,Julio,manonju01,AL,36,2009,0.07,25,1,1,0,26,14,13,13,4.68,3,19,10,1,1,1,0
Dunn,Scott,dunnsc01,AL,31,2009,0.03,25,1,1,0,26,14,13,13,4.68,3,18,9,1,1,1,0
Mulholland,Terry,mulhote01,NL,46,2009,0.01,25,1,1,0,27,14,13,13,4.68,3,18,10,1,1,1,0
Reames,Britt,reamebr01,NL,36,2009,0.03,25,1,1,0,26,14,13,13,4.68,3,19,10,1,1,1,0
Hamulack,Tim,hamulti01,NL,33,2009,0.11,25,1,2,0,26,14,13,13,4.68,3,20,10,1,1,1,0
Worrell,Tim,worreti01,NL,42,2009,0.07,25,1,2,1,27,14,13,13,4.68,3,18,10,1,1,1,0
Holtz,Mike,holtzmi01,AL,37,2009,0.01,25,1,1,0,26,14,13,13,4.68,3,18,10,1,1,1,0
Sauerbeck,Scott,sauersc01,AL,38,2009,0.09,25,1,1,0,26,14,13,13,4.68,3,18,10,1,2,1,0
Karsay,Steve,karsast01,AL,37,2009,0.03,25,1,1,0,26,14,13,13,4.68,3,18,9,1,1,1,0
Fernandez,Jared,fernaja01,NL,37,2009,0.02,25,1,1,0,26,14,13,13,4.68,3,19,10,1,1,1,0
Burns,Mike,burnsmi01,AL,31,2009,0.07,25,1,1,0,27,14,13,13,4.68,3,18,9,1,1,1,0
Harville,Chad,harvich01,AL,33,2009,0.13,25,1,1,0,26,14,13,13,4.68,3,18,10,1,1,1,0
Rogers,Brian,rogerbr01,NL,27,2009,0.05,25,1,1,0,26,14,13,13,4.68,3,20,10,1,1,1,0
Dove,Dennis,dovede01,NL,28,2009,0.02,25,1,1,0,26,14,13,13,4.68,3,20,10,1,1,1,0
Van Buren,Jermaine,vanbuje01,AL,29,2009,0.05,25,1,1,0,26,14,13,13,4.68,3,18,10,1,1,1,0
Grimsley,Jason,grimsja01,NL,42,2009,0.09,25,1,2,0,26,13,13,13,4.68,3,18,10,1,1,1,0
Meadows,Brian,meadobr01,AL,34,2009,0.21,25,1,2,1,27,14,13,13,4.68,3,17,9,1,1,1,0
Walker,Jamie,walkeja01,AL,38,2009,0.52,50,2,3,2,55,27,25,27,4.68,8,34,16,2,2,2,0
Booker,Chris,bookech01,NL,33,2009,0.04,25,1,2,0,26,14,13,13,4.68,3,19,10,1,1,1,0
Lehr,Justin,lehrju01,NL,32,2009,0.06,25,1,1,0,26,14,13,13,4.68,3,19,10,1,1,1,0
Bean,Colter,beanco01,AL,32,2009,0.03,25,1,2,0,26,14,13,13,4.68,3,18,10,1,1,1,0
Politte,Cliff,politcl01,AL,35,2009,0.1,25,1,1,0,27,14,13,13,4.68,3,18,10,1,1,1,0
Gryboski,Kevin,gryboke01,NL,36,2009,0.02,25,1,1,0,26,14,13,13,4.68,3,19,10,1,1,1,0
Fortunato,Bartolome,fortuba01,NL,35,2009,0.01,25,1,1,0,26,14,13,13,4.68,3,19,10,1,1,1,0
Kolb,Danny,kolbda01,NL,34,2009,0.17,25,1,1,0,27,14,13,13,4.68,3,19,10,1,1,1,0
Miller,Jason,milleja03,AL,27,2009,0.03,25,1,1,0,26,14,13,13,4.68,3,19,10,1,1,1,0
Graves,Danny,graveda01,AL,36,2009,0.05,25,2,1,0,26,14,13,13,4.68,3,17,9,1,1,1,0
Eischen,Joey,eischjo01,NL,39,2009,0.05,25,1,1,0,26,14,13,13,4.68,3,19,11,1,1,1,0
Vasquez,Virgil,vasquvi01,AL,27,2009,0.11,48,2,3,0,51,27,25,25,4.69,7,34,17,1,2,2,0
Hirsh,Jason,hirshja01,NL,27,2009,0.53,70,3,4,0,70,40,37,36,4.69,10,52,29,3,2,3,0
Tejeda,Robinson,tejedro01,AL,27,2009,0.6,71,4,5,0,68,42,38,36,4.69,9,55,34,1,3,5,0
Lambert,Chris,lambech01,AL,26,2009,0.19,48,3,3,0,53,28,24,26,4.69,6,36,17,1,2,1,0
Hansen,Craig,hansecr01,NL,26,2009,0.4,48,2,4,1,46,30,26,24,4.69,5,37,27,2,2,3,0
Gonzalez,Edgar,gonzaed01,NL,26,2009,0.59,72,4,4,0,76,41,38,37,4.69,10,52,25,3,3,3,0
Gorzelanny,Tom,gorzeto01,NL,27,2009,0.75,133,8,8,0,137,72,69,70,4.7,16,94,61,2,5,4,1
Leicester,Jon,leicejo01,AL,30,2009,0.19,46,3,3,0,48,27,25,23,4.7,5,32,17,1,2,2,0
Ohka,Tomokazu,ohkato01,AL,33,2009,0.44,66,3,4,0,70,38,35,34,4.7,8,39,25,1,2,2,0
Loaiza,Esteban,loaizes01,AL,38,2009,0.54,67,4,4,0,71,39,36,34,4.7,9,41,23,2,2,1,0
Mujica,Edward,mujiced01,AL,25,2009,0.38,46,3,2,0,49,27,26,22,4.7,5,33,14,2,2,1,0
Loewen,Adam,loewead01,AL,25,2009,0.47,66,3,3,0,65,37,35,34,4.7,7,51,35,1,3,3,0
Waters,Chris,waterch01,AL,29,2009,0.42,92,5,6,0,97,51,48,48,4.7,11,59,37,1,4,3,1
Kendrick,Kyle,kendrky01,NL,25,2009,0.73,149,11,8,0,164,82,76,80,4.71,19,80,49,3,10,3,1
Coffey,Todd,coffeto01,NL,29,2009,0.49,43,2,2,1,48,23,21,24,4.71,6,33,16,2,2,2,0
Lopez,Rodrigo,lopezro01,NL,34,2009,0.57,64,3,4,0,69,36,34,33,4.71,9,46,22,3,1,2,0
Lawrence,Brian,lawrebr02,NL,33,2009,0.18,63,3,4,0,69,36,33,33,4.71,7,47,25,2,2,2,0
Patterson,John,pattejo02,NL,31,2009,0.28,63,3,5,0,65,36,34,32,4.71,7,48,27,2,2,3,0
Milton,Eric,miltoer01,NL,34,2009,0.45,63,3,4,0,67,36,33,33,4.71,9,44,22,2,2,2,0
Harrison,Matt,harrima01,AL,24,2009,0.48,102,9,5,0,110,59,54,53,4.72,13,66,37,2,3,3,1
Thatcher,Joe,thatcjo01,NL,28,2009,0.31,40,2,3,0,43,23,21,21,4.72,5,30,16,2,1,1,0
Jackson,Zach,jacksza01,AL,26,2009,0.44,83,4,4,0,90,48,44,43,4.72,10,55,27,1,4,3,0
Borowski,Joe,borowjo01,AL,38,2009,0.48,40,2,3,15,44,23,21,21,4.72,5,30,15,2,1,1,0
Farnsworth,Kyle,farnsky01,AL,33,2009,0.58,61,3,3,1,65,33,30,34,4.72,10,53,24,2,2,3,1
Cherry,Rocky,cherrro01,AL,30,2009,0.3,37,2,2,0,36,22,20,19,4.74,4,28,18,2,2,2,0
Jackson,Edwin,jacksed01,AL,26,2009,0.77,163,9,11,0,176,90,84,88,4.75,19,113,72,2,3,7,1
Richard,Clayton,richacl01,AL,26,2009,0.35,70,4,5,0,77,42,38,36,4.76,8,50,23,2,2,2,1
Donnelly,Brendan,donnebr01,AL,38,2009,0.35,34,2,1,0,36,19,18,18,4.76,4,24,14,1,2,2,0
O'Flaherty,Eric,oflaher01,AL,24,2009,0.34,34,3,2,0,35,20,19,17,4.76,3,25,13,1,2,2,0
Snyder,Kyle,snydeky01,AL,32,2009,0.39,35,2,2,0,36,20,18,19,4.76,5,27,15,1,2,2,0
Lieber,Jon,liebejo01,NL,39,2009,0.64,70,3,5,0,81,39,36,38,4.76,10,47,19,3,3,1,0
Moehler,Brian,moehlbr01,NL,38,2009,0.72,123,7,8,0,139,69,65,65,4.76,16,73,37,3,3,3,0
Feldman,Scott,feldmsc01,AL,26,2009,0.68,119,5,6,0,123,72,64,62,4.76,15,70,48,3,7,4,2
Smith,Chris,smithch07,AL,28,2009,0.17,34,2,2,0,34,20,19,17,4.76,5,25,13,1,1,1,0
Benitez,Armando,benitar01,AL,37,2009,0.37,33,2,3,4,34,19,17,18,4.77,5,28,15,1,1,1,1
Eyre,Willie,eyrewi01,AL,31,2009,0.42,33,2,2,0,36,18,17,18,4.77,4,22,13,1,1,2,0
Kennedy,Ian,kenneia01,AL,25,2009,0.37,79,3,5,0,81,47,44,40,4.78,8,59,35,1,2,4,0
Camp,Shawn,campsh01,AL,34,2009,0.51,49,3,3,0,55,27,26,26,4.78,5,37,17,3,3,2,0
DiNardo,Lenny,dinarle01,AL,30,2009,0.58,65,4,4,0,71,39,34,35,4.78,7,38,27,2,2,2,0
Barthmaier,Jimmy,barthji01,NL,25,2009,0.1,65,3,5,0,68,37,35,34,4.78,8,51,27,2,2,2,0
Duke,Zach,dukeza01,NL,26,2009,0.79,163,6,11,0,195,93,84,89,4.78,17,89,46,3,5,3,1
Morton,Charlie,mortoch02,NL,26,2009,0.46,95,5,7,0,97,58,53,48,4.78,11,69,43,3,3,3,0
Corey,Bryan,coreybr01,NL,36,2009,0.42,48,2,3,0,51,28,27,24,4.78,6,33,17,2,1,2,0
Chico,Matt,chicoma01,NL,26,2009,0.64,97,4,7,0,105,55,50,53,4.78,14,66,39,2,3,3,0
Byrd,Paul,byrdpa01,AL,39,2009,0.81,169,11,10,0,201,96,87,93,4.79,25,85,38,2,6,3,0
Vargas,Jason,vargaja01,NL,26,2009,0.19,46,2,3,0,48,27,25,24,4.79,6,34,19,2,2,2,0
Bukvich,Ryan,bukviry01,AL,31,2009,0.25,31,2,1,0,33,17,16,17,4.79,4,22,15,1,1,2,0
Pavano,Carl,pavanca01,AL,33,2009,0.32,78,6,4,0,85,45,42,41,4.79,9,49,27,1,5,2,1
Contreras,Jose,contrjo01,AL,38,2009,0.78,138,8,9,0,154,81,74,73,4.79,15,86,46,1,7,6,0
Bacsik,Mike,bacsimi02,NL,32,2009,0.47,61,3,4,0,67,34,31,34,4.8,10,36,20,2,3,2,0
Stauffer,Tim,staufti01,NL,27,2009,0.07,61,3,4,0,63,36,34,31,4.8,8,47,24,2,2,2,0
Astacio,Pedro,astacpe01,NL,40,2009,0.25,60,3,4,0,65,35,32,32,4.8,8,41,23,2,2,1,0
Koronka,John,koronjo01,AL,29,2009,0.35,61,3,4,0,66,35,33,32,4.8,7,39,23,1,3,2,0
Lewis,Colby,lewisco01,AL,30,2009,0.23,30,1,2,0,32,17,16,16,4.8,4,21,11,1,1,1,0
Penn,Hayden,pennha01,AL,25,2009,0.07,60,3,4,0,63,35,33,31,4.8,8,44,23,1,3,2,0
Chacon,Shawn,chacosh01,NL,32,2009,0.68,90,4,4,0,93,51,47,49,4.8,13,65,43,6,4,2,0
Clement,Matt,clemema01,AL,35,2009,0.2,60,4,4,0,64,35,32,32,4.8,7,43,25,1,3,2,0
Wells,Jared,wellsja02,AL,28,2009,0.09,29,2,1,0,31,16,15,16,4.81,4,21,12,1,1,2,0
Fassero,Jeff,fasseje01,NL,46,2009,0.05,29,2,2,0,31,16,15,16,4.81,4,21,12,1,1,1,0
Kim,Sun-Woo,kimsu01,NL,32,2009,0.05,29,2,2,0,31,16,15,16,4.81,4,22,12,1,1,1,0
Rincon,Juan,rincoju01,AL,30,2009,0.57,59,3,3,0,63,34,31,32,4.81,7,45,24,2,3,3,0
Braun,Ryan,braunry01,AL,29,2009,0.25,29,2,1,0,31,17,16,15,4.81,3,20,12,1,1,1,0
Rasner,Darrell,rasneda01,AL,28,2009,0.61,113,6,9,0,125,66,61,60,4.82,14,73,39,2,5,4,0
McCrory,Bob,mccrobo01,AL,27,2009,0.07,28,2,1,0,29,17,16,14,4.82,3,21,12,1,1,1,0
Suppan,Jeff,suppaje01,NL,34,2009,0.81,169,10,9,0,192,96,87,94,4.82,21,98,63,7,6,5,1
Abreu,Winston,abreuwi01,NL,32,2009,0.2,28,1,1,0,30,16,15,15,4.82,4,22,11,1,1,1,0
Sowers,Jeremy,sowerje01,AL,26,2009,0.69,127,6,8,0,138,76,70,66,4.82,16,72,41,2,4,4,1
Badenhop,Burke,badenbu01,NL,26,2009,0.35,70,4,4,0,73,41,38,37,4.82,9,55,28,2,3,3,0
Buchholz,Clay,buchhcl01,AL,25,2009,0.51,97,5,8,0,101,60,54,50,4.82,11,84,42,2,3,3,1
Witasick,Jay,witasja01,AL,37,2009,0.24,28,1,1,0,29,16,15,15,4.82,3,20,14,1,1,2,0
Hendrickson,Mark,hendrma01,NL,35,2009,0.75,122,5,8,0,133,72,67,64,4.83,15,83,43,4,3,4,0
Timlin,Mike,timlimi01,AL,43,2009,0.55,55,3,3,2,61,31,29,30,4.83,7,35,20,3,2,2,0
Mathis,Doug,mathido01,AL,26,2009,0.2,54,3,3,0,61,32,28,30,4.83,6,37,22,2,2,2,0
Thompson,Rich,thompri03,AL,25,2009,0.07,27,1,1,0,28,15,15,14,4.83,3,21,10,1,1,2,0
Hoey,James,hoeyja02,AL,27,2009,0.18,27,2,2,0,28,16,15,14,4.83,3,20,12,1,1,1,0
Jarvis,Kevin,jarvike01,AL,40,2009,0.1,41,2,2,0,44,24,22,22,4.83,5,28,16,1,2,2,0
Taschner,Jack,taschja01,NL,31,2009,0.5,54,3,2,0,57,31,29,29,4.83,6,45,25,2,2,3,0
Willis,Dontrelle,willido03,AL,27,2009,0.73,92,5,6,0,97,53,49,50,4.84,11,67,43,2,5,4,1
Gonzalez,Gio,gonzagi01,AL,24,2009,0.28,67,3,5,0,65,42,38,34,4.84,10,56,30,2,3,2,0
Bonser,Boof,bonsebo01,AL,28,2009,0.75,120,5,7,0,131,73,66,63,4.84,16,95,40,2,3,4,1
O'Connor,Mike,oconnmi01,NL,29,2009,0.33,52,3,3,0,52,31,29,27,4.85,7,37,24,2,2,3,0
Williams,Todd,willito02,AL,38,2009,0.24,26,1,2,0,29,15,14,14,4.85,3,17,10,1,1,1,0
Martinez,Pedro,martipe02,NL,38,2009,0.66,117,7,7,0,126,67,63,63,4.85,16,99,44,3,6,3,1
Day,Dewon,dayde01,AL,29,2009,0.08,26,1,2,0,28,15,14,14,4.85,3,19,11,1,1,1,0
Wolf,Ross,wolfro01,NL,27,2009,0.08,26,1,2,0,28,15,14,14,4.85,3,20,10,1,1,1,0
Williams,Woody,williwo02,NL,43,2009,0.66,77,4,5,0,86,43,40,43,4.85,12,46,25,2,4,1,1
Wood,Mike,woodmi01,AL,29,2009,0.38,38,2,2,0,43,23,20,21,4.86,5,24,13,1,2,2,0
Zink,Charlie,zinkch01,AL,30,2009,0.05,62,3,3,0,68,36,34,33,4.86,7,44,23,2,2,3,0
Miller,Andrew,millean01,NL,24,2009,0.63,110,7,8,0,114,68,62,57,4.87,10,93,53,3,6,5,0
Stokes,Brian,stokebr01,NL,30,2009,0.48,49,2,3,0,55,27,26,27,4.87,7,36,18,2,2,1,0
Padilla,Vicente,padilvi01,AL,32,2009,0.78,158,11,9,0,171,93,84,87,4.87,20,113,61,3,12,7,2
Sele,Aaron,seleaa01,NL,39,2009,0.44,36,2,2,0,42,20,19,20,4.88,4,24,14,1,1,1,0
Cormier,Lance,cormila01,AL,29,2009,0.59,71,4,4,0,78,40,37,40,4.88,9,47,31,3,2,3,0
Gobble,Jimmy,gobblji01,AL,28,2009,0.52,47,2,2,1,50,27,25,26,4.88,6,39,21,2,2,4,0
Davies,Kyle,davieky01,AL,26,2009,0.72,130,8,10,0,140,77,71,70,4.88,16,92,54,2,4,7,1
Glover,Gary,glovega01,AL,33,2009,0.54,60,3,3,1,66,34,32,33,4.88,8,42,23,3,2,3,0
Turnbow,Derrick,turnbde01,NL,31,2009,0.44,35,2,3,3,33,21,20,18,4.89,4,34,20,1,1,2,0
Henn,Sean,hennse01,NL,28,2009,0.29,35,2,2,0,36,21,19,19,4.89,4,28,17,1,2,1,0
Small,Aaron,smallaa01,AL,38,2009,0.09,35,2,2,0,38,20,19,19,4.89,5,24,13,1,1,1,0
Obermueller,Wes,obermwe01,NL,33,2009,0.31,45,2,2,0,48,27,25,24,4.9,5,32,21,2,2,1,0
Boggs,Mitchell,boggsmi01,NL,25,2009,0.28,68,4,4,0,71,41,38,36,4.9,8,47,30,2,3,3,0
Cabrera,Fernando,cabrefe01,AL,28,2009,0.47,44,2,2,0,45,26,24,24,4.91,7,40,21,2,1,2,0
Palmer,Matt,palmema01,NL,30,2009,0.12,66,3,5,0,70,39,36,36,4.91,7,47,31,3,4,2,0
Newman,Josh,newmajo01,AL,27,2009,0.16,33,2,2,0,36,20,18,18,4.91,4,24,14,1,2,1,0
Rheinecker,John,rheinjo01,AL,30,2009,0.39,44,3,3,0,50,26,23,25,4.91,5,31,18,1,2,2,0
Sanches,Brian,sanchbr01,NL,31,2009,0.24,32,2,2,0,34,19,17,18,4.92,5,25,14,1,1,1,0
Flores,Randy,florera01,NL,34,2009,0.46,43,2,1,1,50,24,22,25,4.92,4,34,19,2,2,2,0
Pineiro,Joel,pineijo01,NL,31,2009,0.75,130,7,7,1,149,75,71,71,4.92,18,81,40,3,4,3,0
Wasdin,John,wasdijo01,NL,37,2009,0.21,32,2,2,0,36,18,17,18,4.92,4,23,13,2,1,1,0
LeBlanc,Wade,leblawa01,NL,25,2009,0.19,64,3,5,0,67,37,35,35,4.92,10,49,28,3,2,2,0
de la Rosa,Jorge,delarjo01,NL,28,2009,0.73,130,9,9,0,135,77,72,70,4.92,16,110,59,4,5,9,1
Fulchino,Jeff,fulchje01,AL,30,2009,0.14,32,2,2,0,35,19,18,17,4.92,4,24,13,1,1,1,0
Belisle,Matt,belisma01,NL,29,2009,0.64,84,4,5,0,97,50,46,46,4.93,11,60,25,2,3,3,0
Hammel,Jason,hammeja01,AL,27,2009,0.63,83,4,5,1,89,49,46,45,4.93,11,57,35,2,2,5,0
Miller,Wade,millewa04,NL,33,2009,0.16,61,3,4,0,66,35,33,34,4.94,9,46,26,2,2,2,0
Moseley,Dustin,moseldu01,AL,28,2009,0.56,72,4,4,0,81,41,40,39,4.94,8,49,25,1,3,4,1
Aquino,Greg,aquingr01,AL,31,2009,0.28,31,1,1,0,34,19,17,17,4.94,4,25,13,1,2,1,0
Bootcheck,Chris,bootcch01,AL,31,2009,0.44,41,2,2,0,46,25,23,22,4.94,4,30,16,1,2,2,0
Armas,Tony,armasto02,NL,31,2009,0.58,61,3,4,0,65,36,34,33,4.94,8,45,24,2,3,2,0
Millwood,Kevin,millwke01,AL,35,2009,0.8,162,9,10,0,194,96,87,91,4.94,17,117,54,3,6,4,0
Slocum,Brian,slocubr01,AL,28,2009,0.08,31,2,2,0,34,18,17,17,4.94,4,23,11,1,2,1,0
Tavarez,Julian,tavarju01,NL,36,2009,0.67,72,3,5,0,82,45,38,41,4.94,8,52,32,3,4,2,0
Traber,Billy,trabebi01,AL,30,2009,0.39,41,2,2,0,46,24,22,23,4.94,5,28,15,1,3,1,0
Talbot,Mitch,talbomi01,AL,26,2009,0.1,41,2,2,0,44,24,23,22,4.94,5,30,18,1,2,2,0
Logan,Boone,loganbo02,AL,25,2009,0.48,51,3,3,0,57,30,28,28,4.94,6,42,19,2,2,2,0
Perez,Odalis,perezod01,NL,32,2009,0.77,151,7,11,0,176,88,80,86,4.95,19,103,54,5,6,5,1
Alfonseca,Antonio,alfonan01,NL,37,2009,0.3,30,2,2,2,34,17,16,17,4.95,3,20,13,2,1,1,0
Hernandez,Roberto,hernaro01,NL,45,2009,0.37,30,1,2,0,33,18,16,17,4.95,3,21,14,2,1,2,0
Bell,Rob,bellro01,AL,32,2009,0.28,30,2,2,0,34,17,16,17,4.95,4,20,12,1,1,1,0
Pettyjohn,Adam,pettyad01,NL,32,2009,0.04,39,2,3,0,42,23,22,21,4.96,5,29,15,2,2,1,0
Rusch,Glendon,ruschgl01,NL,35,2009,0.54,77,4,5,0,85,46,43,42,4.97,11,56,28,4,1,2,0
Haeger,Charlie,haegech01,NL,26,2009,0.17,29,1,2,0,30,18,16,16,4.97,4,23,13,1,2,1,0
Bayliss,Jonah,baylijo01,NL,29,2009,0.25,29,2,2,0,31,17,16,16,4.97,4,23,12,1,1,1,0
Bautista,Denny,bautide01,NL,29,2009,0.47,58,3,4,0,61,34,32,32,4.97,6,44,30,2,3,3,0
Shuey,Paul,shueypa01,AL,39,2009,0.16,28,1,1,0,30,17,16,15,4.98,3,20,13,1,1,1,0
Bowers,Cedrick,bowerce01,NL,31,2009,0.07,28,1,2,0,30,17,16,15,4.98,4,22,12,1,1,1,0
White,Bill,whitebi04,AL,31,2009,0.1,28,2,1,0,29,17,16,15,4.98,3,20,14,1,1,1,0
Williams,Dave,willida07,NL,30,2009,0.23,55,3,3,0,61,33,31,30,4.99,7,39,21,2,2,2,0
Jennings,Jason,jennija01,AL,31,2009,0.65,83,3,7,0,90,50,47,45,4.99,11,56,33,2,2,3,0
Morris,Matt,morrima01,NL,35,2009,0.72,91,4,6,0,106,58,51,50,4.99,10,54,31,3,4,2,0
Fukumori,Kazuo,fukumka01,AL,33,2009,0.04,27,1,1,0,30,16,15,15,5,3,19,11,1,1,2,0
Cavazos,Andy,cavazan01,NL,28,2009,0.13,27,1,1,0,28,17,15,15,5,4,21,12,1,1,1,0
Kuwata,Masumi,kuwatma01,NL,41,2009,0.14,27,1,2,0,29,17,15,15,5,4,20,12,2,1,1,0
Cabrera,Daniel,cabreda01,AL,28,2009,0.8,170,8,11,0,174,100,95,94,5,20,122,86,4,12,11,1
Tomko,Brett,tomkobr01,NL,36,2009,0.69,88,4,7,0,98,56,51,47,5.01,12,67,30,2,2,3,0
Hayhurst,Dirk,hayhudi01,NL,28,2009,0.16,44,2,3,0,48,27,25,24,5.01,5,35,18,2,1,3,0
Tucker,Ryan,tuckery01,NL,23,2009,0.29,60,3,4,0,62,37,35,32,5.02,8,48,26,2,2,2,0
Ortiz,Ramon,ortizra01,NL,36,2009,0.6,52,3,3,0,59,31,29,29,5.02,7,33,17,2,3,1,1
Sisco,Andrew,siscoan01,AL,26,2009,0.24,26,1,1,0,27,15,15,14,5.02,3,21,12,1,1,2,0
Orvella,Chad,orvelch01,AL,29,2009,0.13,26,1,2,0,29,16,14,15,5.02,3,19,12,1,1,1,0
Mays,Joe,maysjo01,NL,34,2009,0.16,52,2,3,0,57,32,29,29,5.02,7,38,22,2,2,2,0
Reyes,Jo-Jo,reyesjo03,NL,25,2009,0.62,120,5,9,0,129,74,68,66,5.02,17,86,53,4,3,3,0
Dessens,Elmer,desseel01,NL,38,2009,0.37,34,2,2,0,38,22,20,18,5.03,4,24,13,1,1,1,0
De La Cruz,Eulogio,delaceu01,NL,25,2009,0.13,34,2,2,0,36,23,20,18,5.03,4,26,15,1,1,2,0
DeSalvo,Matt,desalma01,NL,29,2009,0.19,50,3,3,0,56,30,28,28,5.04,5,35,22,1,2,2,0
Borkowski,Dave,borkoda01,NL,32,2009,0.55,50,2,3,0,55,30,28,28,5.04,7,39,20,4,2,1,0
Osoria,Franquelis,osorifr01,NL,28,2009,0.49,58,3,3,0,68,34,32,33,5.04,8,38,18,2,3,1,0
Salas,Marino,salasma02,NL,28,2009,0.16,33,2,2,0,36,19,18,19,5.05,4,25,15,2,2,2,0
Jimenez,Kelvin,jimenke01,NL,29,2009,0.37,41,2,1,0,45,25,23,23,5.05,5,28,18,1,2,2,0
Ramirez,Horacio,ramirho01,AL,30,2009,0.59,66,4,5,0,78,41,38,36,5.05,6,36,24,1,2,2,0
Saarloos,Kirk,saarlki01,AL,30,2009,0.52,49,2,3,0,57,29,27,28,5.05,6,30,18,1,2,1,0
Mastny,Tom,mastnto01,AL,28,2009,0.42,41,3,2,1,44,25,24,22,5.05,5,34,18,3,1,2,0
Ortiz,Russ,ortizru01,NL,35,2009,0.38,49,2,3,0,54,30,28,27,5.05,6,35,21,1,3,1,0
Colon,Bartolo,colonba01,AL,36,2009,0.58,88,5,6,0,103,55,49,50,5.06,12,63,28,1,4,2,0
Santos,Victor,santovi01,AL,33,2009,0.48,40,2,3,0,45,24,22,23,5.06,6,29,16,1,2,1,0
Dickey,R.A.,dickera01,AL,35,2009,0.56,97,5,6,0,106,55,54,55,5.06,13,58,41,3,3,7,1
Robertson,Nate,roberna01,AL,32,2009,0.8,160,8,10,0,183,96,91,89,5.06,21,107,58,4,4,5,0
Ramirez,Elizardo,ramirel01,AL,26,2009,0.35,55,3,4,0,61,35,32,30,5.07,7,39,20,1,3,1,0
Silva,Carlos,silvaca01,AL,30,2009,0.8,156,8,12,0,190,95,90,86,5.08,20,78,36,2,4,3,0
Pauley,David,pauleda01,AL,26,2009,0.17,46,2,3,0,52,29,27,25,5.09,5,35,17,1,2,1,0
Wells,David,wellsda01,NL,46,2009,0.59,76,4,5,0,92,44,42,44,5.09,10,46,24,2,2,1,0
Bailey,Homer,baileho02,NL,23,2009,0.43,83,4,6,0,91,53,48,46,5.1,10,59,36,2,3,4,1
Simontacchi,Jason,simonja01,NL,36,2009,0.35,67,4,5,0,76,40,38,38,5.1,9,47,25,3,3,2,0
Kim,Byung-Hyun,kimby01,NL,30,2009,0.59,67,4,4,0,71,42,38,38,5.1,9,57,31,2,5,2,0
Mesa,Jose,mesajo01,NL,43,2009,0.39,30,1,2,0,32,19,17,17,5.1,4,20,14,1,1,1,0
VandenHurk,Rick,vanderi01,NL,24,2009,0.44,74,4,5,0,78,45,43,41,5.11,10,71,35,3,3,2,1
Johnson,Jason,johnsja02,NL,36,2009,0.43,52,2,4,0,59,31,29,30,5.11,7,36,20,2,2,3,0
Towers,Josh,towerjo01,AL,32,2009,0.51,58,3,5,0,67,37,33,33,5.12,9,41,17,1,3,1,0
Rogers,Kenny,rogerke01,AL,45,2009,0.76,153,8,10,0,176,94,86,88,5.12,19,80,61,3,7,4,1
Parisi,Mike,parismi01,NL,26,2009,0.21,42,2,3,0,47,26,24,24,5.14,5,32,18,2,1,2,0
White,Rick,whiteri01,AL,41,2009,0.33,28,1,1,0,32,18,16,16,5.14,3,19,11,1,1,1,0
Ohlendorf,Ross,ohlenro01,NL,27,2009,0.43,62,2,4,0,70,38,35,36,5.15,8,51,26,3,2,5,1
Igawa,Kei,igawake01,AL,30,2009,0.36,62,3,4,0,69,37,35,36,5.15,9,45,26,1,3,3,0
Chen,Bruce,chenbr01,AL,32,2009,0.31,34,1,2,0,38,21,20,19,5.16,5,25,13,1,1,1,0
Dumatrait,Phil,dumatph01,NL,28,2009,0.5,87,4,6,0,95,55,52,48,5.17,10,62,41,2,3,2,0
Meyer,Dan,meyerda02,AL,28,2009,0.3,54,2,4,0,59,37,32,30,5.17,7,40,22,1,2,2,0
Batista,Miguel,batismi01,AL,38,2009,0.78,125,7,9,0,141,76,69,75,5.18,15,80,63,3,5,7,1
Randolph,Stephen,randost01,NL,35,2009,0.09,26,1,2,0,28,16,15,15,5.19,3,22,13,1,1,1,0
Elarton,Scott,elartsc01,AL,33,2009,0.47,58,3,4,0,62,37,34,33,5.2,9,36,26,2,3,3,0
Nippert,Dustin,nippedu01,AL,28,2009,0.54,71,3,4,0,79,44,42,40,5.2,9,54,30,2,2,2,0
Wells,Kip,wellski01,AL,32,2009,0.64,76,3,6,0,84,50,45,43,5.21,8,55,37,3,4,4,0
Weaver,Jeff,weaveje01,AL,33,2009,0.64,75,4,6,0,88,47,44,43,5.22,11,47,22,2,4,2,0
Herrera,Yoslan,herreyo01,NL,28,2009,0.17,69,4,4,0,80,42,40,40,5.22,7,51,30,2,3,3,0
Brower,Jim,broweji01,AL,37,2009,0.09,25,1,1,0,28,16,15,14,5.22,3,18,10,1,2,1,0
Ponson,Sidney,ponsosi01,AL,33,2009,0.68,130,7,7,0,157,83,74,77,5.23,15,71,49,2,6,4,0
Hunter,Tommy,hunteto02,AL,23,2009,0.11,65,3,4,0,72,42,40,36,5.26,9,51,23,1,3,2,0
Speigner,Levale,speigle01,NL,29,2009,0.28,40,2,3,0,45,26,25,22,5.29,4,27,18,2,2,1,0
Burres,Brian,burrebr01,AL,28,2009,0.71,122,7,8,0,140,76,73,71,5.31,15,79,51,2,5,5,1
Fossum,Casey,fossuca01,AL,31,2009,0.6,61,4,4,0,69,40,37,35,5.31,8,43,25,1,4,2,0
Fogg,Josh,foggjo01,NL,33,2009,0.73,110,6,7,0,126,72,66,64,5.32,16,69,41,4,6,2,0
Backe,Brandon,backebr01,NL,31,2009,0.69,146,8,10,0,165,89,85,88,5.33,25,106,64,3,5,3,0
Nomo,Hideo,nomohi01,AL,41,2009,0.05,27,1,1,0,31,17,16,16,5.33,4,19,11,1,1,1,0
Reitsma,Chris,reitsch01,AL,32,2009,0.22,27,1,2,1,32,17,16,16,5.33,3,18,10,1,1,1,0
Hernandez,Runelvys,hernaru03,NL,31,2009,0.39,70,3,6,0,81,45,41,42,5.34,10,49,30,2,3,2,1
Hernandez,Livan,hernali01,NL,34,2009,0.81,170,10,10,0,212,104,98,104,5.35,24,86,58,4,4,3,1
Zambrano,Victor,zambrvi01,AL,34,2009,0.2,42,2,3,0,46,26,25,25,5.36,6,30,20,1,3,2,0
Trachsel,Steve,trachst01,AL,39,2009,0.69,94,5,7,0,107,59,55,57,5.36,13,46,46,1,2,4,1
Majewski,Gary,majewga01,NL,29,2009,0.47,47,2,3,0,58,29,27,29,5.36,6,33,17,1,2,2,0
Liz,Radhames,lizra01,AL,26,2009,0.53,100,6,6,0,106,66,61,58,5.36,14,74,51,3,4,6,0
Reynolds,Greg,reynogr01,NL,24,2009,0.41,89,4,7,0,98,59,56,51,5.41,14,55,34,3,4,3,0
Seo,Jae Weong,seoja01,AL,32,2009,0.49,58,3,4,0,70,38,34,36,5.43,9,37,21,1,2,2,0
Eaton,Adam,eatonad01,NL,32,2009,0.73,128,7,8,0,147,81,78,77,5.45,19,81,54,4,7,3,0
Mendoza,Luis,mendolu01,AL,26,2009,0.45,74,4,6,1,88,55,47,43,5.47,8,49,27,3,5,4,0
Feierabend,Ryan,feierry01,AL,24,2009,0.47,78,3,6,0,92,51,49,46,5.48,11,55,29,2,3,3,0
Mulder,Mark,muldema01,NL,32,2009,0.31,55,3,4,0,64,36,34,33,5.48,8,38,23,1,3,2,0
Redman,Mark,redmama01,NL,35,2009,0.59,83,4,6,0,98,56,53,49,5.53,10,51,33,3,3,3,1
Olson,Garrett,olsonga01,AL,26,2009,0.63,130,8,9,0,150,86,83,77,5.54,15,91,59,2,7,5,1
Maroth,Mike,marotmi01,NL,32,2009,0.52,62,3,4,0,75,41,37,40,5.59,11,38,25,1,2,2,0
Van Benschoten,John,vanbejo01,NL,29,2009,0.35,64,3,6,0,75,48,45,42,6.12,9,50,34,2,4,2,1
